Start	End	Strand	RNIE Mode	Bit Score	IT Seq	UpGene Name	UpGene Start	UpGene End	Dist. upSTOPcodon-ITfunctionalStart	DwGene Name	DwGene Start	DwGene End	Dist. ITfunctionalEnd-dwSTARTcodon	ID complementary couple	Compl. Dist. Class	Compl. Genomic Class	Info on the rev. compl.	Palindromic Percentage of Overlap	Free Energy (kcal/mol)	Dot-Bracket Secondary Structure
275	316	+	Genome	33.51	AAAAAGCCCGCACCTGACAGTGCGGGCTTTTTTTTTCGACCA	thrL	190	255	20	thrA	337	2799	21	1	Least Distant	Co-directionality	Start=265;End=306;Strand=-;% Overlapping=76.1905;Bit Score=32.77	69.0476	-21.00	(((((((((((((......)))))))))))))..........	
65786	65824	-	Genome	21.46	AAACCAGGCTATACTCAAGCCTGGTTTTTTGATGGATTT	araD	65855	66550	31	polB	63429	65780	2357	3	Least Distant	Co-directionality	Start=65796;End=65836;Strand=+;% Overlapping=74.359;Bit Score=18.28	58.9744	-14.40	((((((((((.......))))))))))............	
85314	85371	+	Gene	18.58	TGATTGCAGAATAGGTCAGACATGAATGTCTGGTTTATTCTGCATTTTTTATTGAATG	leuO	84368	85312	2	ilvI	85630	87354	259						-22.40	....((((((((((((((((((....))))))))))))))))))..............	
129357	129393	-	Genome	21.52	AAAAAGCGGCGTGGTTAGCCGCTTTTTTAATTGCCGG	yacH	129407	131260	14	aroP	120178	121551	9179	7	Least Distant	Convergence	Start=129367;End=129403;Strand=+;% Overlapping=72.973;Bit Score=20.88	64.8649	-14.10	((((((((((.......))))))))))..........	
160087	160125	-	Gene	18.82	CCACAGGCGGGAAATGCTCCCGCCTTATTTTTTGTTCAA	dksA	160149	160604	24	gluQ	159186	160112	901						-15.10	....((((((((.....))))))))..............	
193443	193499	+	Gene	18.52	AAAAACGCCGCTCAGTAGATCCTTGCGGATCGGCTGGCGGCGTTTTGCTTTTTATTC	frr	192872	193429	14	dxr	193521	194717	22	11	Least Distant	Co-directionality	Start=193434;End=193488;Strand=-;% Overlapping=80.7018;Bit Score=15.25	47.2727	-30.40	.((((((((((.((((.(((((....))))).))))))))))))))...........	no_overlap join
194817	194854	+	Gene	16.29	GATATGCCGTGGTTTTACACGGCTTTTTTTTGTATAGG	dxr	193521	194717	100	ispU	194903	195664	49						-11.70	.....((((((......))))))...............	
202020	202073	+	Gene	15.12	CTTTACGGCCTGTCTCATTCTTACGATTGCGGCAGGCCGTGTTATTATTGTCGT	lpxD	200971	201996	24	fabZ	202101	202556	28						-23.00	...(((((((((((.((.((....)).)).))))))))))).............	
232553	232593	+	Genome	26.32	AAAAAGGCACCGGGGGAATCGGTGCCTTTTTATTATCTGGT	yafE	231926	232549	4	yafS	234816	235538	2223	15	Least Distant	Convergence	Start=232543;End=232583;Strand=-;% Overlapping=75.6098;Bit Score=26.85	68.2927	-19.40	(((((((((((((.....)))))))))))))..........	no_overlap join
262447	262491	-	Gene	17.01	GTAATGCGCCTGCTACTACCCGGCAGGCGCGTTATCTTTTTACGG	ykfI	262552	262893	61	ykfN	262374	262436	73						-22.50	((((((((((((((.......))))))))))))))..........	
264778	264819	-	Genome	15.42	CACCCCGACAGCTAGCAGGCTGCCGGGGTTTTCTTTTATCAG	ykfB	264844	265311	25	ykfF	264528	264767	250						-18.70	.((((((.(((((....))))).)))))).............	
284406	284453	+	Gene	23.19	TAAAACCGTCTGCGGAATATTTCCCGCAGACGGCTTTGTTGTTTTTGA	yagF	282425	284392	14	yagG	284619	286001	166	17	Least Distant	Co-directionality	Start=284396;End=284443;Strand=-;% Overlapping=79.1667;Bit Score=23.58	70.8333	-21.30	((((.((((((((((........)))))))))).))))..........	
291501	291541	-	Gene	19.52	GTAATGGCCTTCTCAGTGAGAAGGCCTTATTTGTATTGTTT	yagK	291546	292172	5	insA	290295	290570	1206						-16.00	((((.(((((((((...)))))))))))))...........	
402384	402437	+	Gene	23.42	TAAAACCGCGCCCGGCAGTGAATTTTCGCTGCCGGGTGGTTTTTTTGCTGTTAG	phoA	400971	402386	-2	psiF	402505	402825	68						-28.50	.((((((..((((((((((((....))))))))))))))))))...........	
418433	418468	+	Genome	14.64	CATAAGCCAGTCGATGCTGGCTTATTTTCTTTGCAG	phoR	417113	418408	25	brnQ	418815	420134	347						-13.30	.((((((((((....))))))))))...........	no_overlap join
420154	420193	+	Genome	23.84	AACCACGGGGCTGCGATGCCCCGTGGTTTTTTATTGTGTT	brnQ	418815	420134	20	proY	420210	421583	17	20	Least Distant	Co-directionality	Start=420134;End=420184;Strand=-;% Overlapping=77.5;Bit Score=14.08	70	-22.70	(((((((((((......)))))))))))............	
460979	461016	+	Genome	20.87	CAAGGGCGCATCTACTGATGTGCCTTTTTTATTTGTAT	hupB	460675	460947	32	ppiD	461139	463010	123						-16.40	.(((((((((((....)))))))))))...........	
467467	467502	+	Genome	14.94	CAGCACCGGGCAATTGCCCGGTTTTTTTTGCGTTGA	cof	466636	467454	13	ybaO	467607	468065	105						-14.80	(((((((((((....))))))).........)))).	
471676	471715	+	Genome	16.32	AACGCACTGTGCACTGTCATAGTGCGTTTTCATTTTCAAA	mdlB	469860	471641	35	glnK	471822	472160	107						-14.50	(((((((((((......)))))))))))............	
473490	473532	+	Genome	17.01	AAACAGCCGGACGGTTTTCACCTCCGGCTATTTTTTTAATTGT	amtB	472190	473476	14	ybaY	474603	475175	1071	25	Most Distant	Convergence	Start=473481;End=473521;Strand=-;% Overlapping=74.4186;Bit Score=17.66	65.8537	-15.50	....(((((((.(((....))))))))))..............	
494238	494275	+	Gene	14.01	AACGAGAGCAGGATCACCTGCTCTCGCTTGAAATTATT	recR	493629	494234	4	htpG	494344	496218	69	26	Least Distant	Co-directionality	Start=494228;End=494265;Strand=-;% Overlapping=73.6842;Bit Score=19.33	65.7895	-18.90	..((((((((((....))))))))))............	
522065	522108	+	Gene	15.24	TAAGGGGCGTTCTGGTTGAATGGAACGCCTTGTTTAAATTAATT	ybbP	519640	522054	11	rhsD	522485	526765	377						-14.60	...(((((((((((......))))))))))).............	no_overlap join
533058	533095	+	Gene	15.23	CGCATCCCGCTCTGCGGAGCGGGTTTTTTTGACAAAAT	allR	532235	533050	8	gcl	533140	534921	45						-14.80	.....(((((((....)))))))...............	
602589	602633	-	Gene	20.36	AAAACCGCTCTCATCGAATGGATGAGAGCGGTTTCGGATGGTTGA	ybdG	602639	603886	6	cusR	593983	594666	8606	30	Least Distant	Convergence	Start=602601;End=602643;Strand=+;% Overlapping=73.3333;Bit Score=22.38	69.7674	-24.60	.((((((((((((((.....))))))))))))))...........	no_overlap join
617275	617321	+	Gene	22.63	ATAAACCCATAATTACAGAAAATAATTATGGGTTTTTTATTTGTTTG	entF	613380	617261	14	fepE	617477	618610	156						-13.40	..(((((((((((((.......)))))))))))))............	
644267	644310	-	Genome	26.11	ACGCCCGCCAGGTAAGCCCACCTGGCGGGCTTTTTTATGATTTA	citT	644340	645803	30	rna	643420	644226	847						-25.10	..(((((((((((......)))))))))))..............	
653760	653802	-	Genome	15.26	GTAATGCCGGAGGCAAGTTTCCTCCGGCTTTATCATGTCACCC	dcuC	653806	655191	4	citC	650021	651079	3739	31	Least Distant	Convergence	Start=653770;End=653812;Strand=+;% Overlapping=76.7442;Bit Score=15.05	67.4419	-17.10	((((.((((((((.......)))))))).))))..........	
653770	653812	+	Gene	15.05	ATAAAGCCGGAGGAAACTTGCCTCCGGCATTACTATTTACTTG	dpiA	653085	653765	5	pagP	655780	656340	1968	31	Most Distant	Convergence	Start=653760;End=653802;Strand=-;% Overlapping=76.7442;Bit Score=15.26	67.4419	-17.00	.....((((((((.......))))))))...............	
661884	661921	-	Genome	15.09	AAAACTCCCGCCTTCTGGCGGGAGTTGCTATTTAATTA	dacA	661975	663186	54	ybeD	661602	661865	282	34	Least Distant	Co-directionality	Start=661896;End=661931;Strand=+;% Overlapping=68.4211;Bit Score=19.17	66.6667	-20.40	..((((((((((....))))))))))............	
674752	674795	+	Gene	15.71	AATATGGGCCGAATGAAATTCCCCGGCCCTTGTTTTTATCTCTA	ybeL	674241	674723	29	ybeR	675934	676641	1139						-12.60	((((.((((((............)))))).))))..........	no_overlap join
696688	696727	-	Genome	24.88	AAACAGCCCCGGTGAAATCCGGGGCTGTTTCAGTTATTGA	asnB	696736	698400	9	metT	696280	696356	408	36	Least Distant	Co-directionality	Start=696697;End=696738;Strand=+;% Overlapping=77.5;Bit Score=21.68	67.5	-23.00	((((((((((((......))))))))))))..........	
709325	709364	-	Gene	14.21	GAAAAGCGAGAGTTACAGCTCTCACTTATTTGTTATTACT	fur	709423	709869	59	nagB	702034	702834	7291	38	Most Distant	Convergence	Start=709335;End=709374;Strand=+;% Overlapping=75;Bit Score=16.97	62.5	-10.00	...(((.((((((....)))))).))).............	
709335	709374	+	Genome	16.97	AATAAGTGAGAGCTGTAACTCTCGCTTTTCTTATTTCCCT	chiQ	709013	709339	-4	seqA	712210	712755	2836	38	Least Distant	Convergence	Start=709325;End=709364;Strand=-;% Overlapping=75;Bit Score=14.21	62.5	-11.60	...(((((((((......))))))))).............	
709381	709418	+	Genome	25.13	AAAAAGCCAACCCGCAGGTTGGCTTTTCTCGTTCAGGC	chiQ	709013	709339	42	seqA	712210	712755	2792	38	Most Distant	Convergence	Start=709371;End=709408;Strand=-;% Overlapping=73.6842;Bit Score=22.48	73.6842	-15.60	.(((((((((((....)))))))))))...........	
710113	710154	-	Gene	15.07	GATGCGGCGTAGACTCATGTCTACGCCGTATTAATAGATAAT	fldA	710158	710688	4	uof	709862	709948	251						-24.30	((((((((((((((....))))))))))))))..........	
716118	716155	-	Genome	26.27	AAAAGGGCGATTGAATGATCGCCCTTTCTGTTTGTTGG	potE	716169	717488	14	ybfI	715944	716093	174	40	Least Distant	Co-directionality	Start=716127;End=716166;Strand=+;% Overlapping=76.3158;Bit Score=24.64	60.5263	-16.00	.(((((((((((....)))))))))))...........	
720206	720243	-	Genome	15.29	AAAGCCGTAATAATAAATACGGCTTTTTATCTTAAACA	kdpE	720279	720956	36	speF	717485	719683	2721	41	Least Distant	Convergence	Start=720216;End=720255;Strand=+;% Overlapping=73.6842;Bit Score=14.35	71.0526	-10.90	(((((((((........)))))))))............	no_overlap join
752343	752382	-	Genome	15.68	TTTAACCCGCCGTTCATATGGCGGGTTGATTTTTATATGC	gltA	752408	753691	26	ybgD	751452	752018	891						-19.50	.((((((((((((....))))))))))))...........	no_overlap join
780880	780916	+	Genome	20.74	AAAAAAGCGCCCTAAAGGCGCTTTTTTGCTATCTGCG	lysQ	780800	780875	5	nadA	781308	782351	392	43	Least Distant	Co-directionality	Start=780870;End=780906;Strand=-;% Overlapping=72.973;Bit Score=22.27	72.973	-15.90	(((((((((((.....)))))))))))((.....)).	no_overlap join
850195	850232	-	Genome	23.65	AAAAATCCGCCCCGAGAGGCGGATTTTTTATATCACCA	ybiP	850237	851820	5	rhtA	848433	849320	1762	46	Least Distant	Convergence	Start=850205;End=850242;Strand=+;% Overlapping=73.6842;Bit Score=26.12	71.0526	-14.70	(((((((((((......)))))))))))..........	
897180	897218	+	Gene	16.69	CATAATGCCGCGCATGTCGCGGCATTGTTTTCATGGAAG	potI	896307	897152	28	ybjO	897212	897700	-6						-16.30	.(((((((((((.....)))))))))))...........	
921528	921566	+	Genome	18.66	AAAATGCCAGCCGATCGGGCTGGCATTTTGCCTTTAGGA	macB	919570	921516	12	clpS	922136	922456	570	51	Least Distant	Convergence	Start=921518;End=921556;Strand=-;% Overlapping=74.359;Bit Score=23.43	69.2308	-20.40	((((((((((((.....))))))))))))..........	
925374	925410	-	Genome	19.46	TAAAAGGTCGGTTTAACCGGCCTTTTTATTTTGTGAT	infA	925448	925666	38	serW	925107	925194	267						-14.10	.(((((((((((...)))))))))))...........	
932367	932410	+	Gene	15.00	AGCAACAGTACTGGGGTAACCTGGTACTGTTGTCCGTTTTAGCA	lrp	931818	932312	55	ftsK	932447	936436	37						-21.90	.((((((((((((((....))))))))))))))...........	
949524	949563	+	Genome	14.60	AAAGCGGCAACTCAATAAAGTTGCCGCTTTACGGGGAAAT	ycaK	948891	949481	43	ycaP	955985	956677	6422	56	Most Distant	Convergence	Start=949512;End=949553;Strand=-;% Overlapping=75;Bit Score=28.56	65	-18.70	((((((((((((......))))))))))))..........	no_overlap join
957981	958019	+	Genome	18.31	AATCCCCACAGCCAGCCTGTGGGGTTTTTATTTCTGTTG	serC	956876	957964	17	aroA	958035	959318	16						-14.10	...((((((((.....))))))))...............	no_overlap join
980011	980048	+	Genome	23.04	ATTAAGGCGGCAGCAATGCCGCCTTTTCTTTTTCCGAA	mukB	975549	980009	2	ycbB	980270	982117	222						-16.50	...(((((((((....))))))))).............	no_overlap join
988336	988373	-	Gene	18.21	CATCAGGGAGCTAATCGGCTCCCTTTTTTTACCTTTAA	pncB	988377	989579	4	asnS	986808	988208	1528						-13.50	....((((((((....))))))))..............	
992450	992499	-	Gene	15.51	ATTCCCCGAATGGCGGCGCTATTGCCGCCATTCGGTTATTTATCAAGCCA	ssuB	992500	993267	1	pncB	988377	989579	4073						-25.10	.....((((((((((((......))))))))))))...............	
997657	997699	+	Gene	14.28	TAGTACCCCTCCAGTGTTCTGGAGGGGATATTCATATTTTTTA	elfA	997091	997630	27	elfD	997713	998414	14						-19.60	.(((((((((((((....))))))))).))))...........	
1005028	1005071	+	Gene	19.95	GATAATCAGGGCTTTATTTTCAGCCCTGGTTGTTTTATATTCAT	pyrD	1003991	1005001	27	zapC	1005175	1005717	104						-18.00	(((((((((((((........)))))))))))))..........	
1015112	1015148	-	Genome	21.33	CGAAACCTCCGCAATGCGGAGGTTTCTTTTTAAAGAG	fabA	1015175	1015693	27	ycbX	1005714	1006823	9398	61	Most Distant	Convergence	Start=1015122;End=1015158;Strand=+;% Overlapping=72.973;Bit Score=17.53	70.2703	-19.30	.(((((((((((...)))))))))))...........	no_overlap join
1027583	1027628	+	Gene	22.25	AAAATCCCCGGAAGGCAAAAACCTTCCGGGGATTTGTTCAGGGATT	yccU	1027169	1027582	1	yccX	1029287	1029565	1659	63	Least Distant	Convergence	Start=1027573;End=1027616;Strand=-;% Overlapping=73.913;Bit Score=21.70	68.1818	-25.90	.((((((((((((((......))))))))))))))...........	no_overlap join
1041136	1041175	-	Genome	19.44	CAGAGCATTCAGGTAACTGAATGCTCTTTTTTATGCATTA	etk	1041253	1043433	78	serT	1030848	1030935	10288						-17.70	.(((((((((((....))))))))))).............	
1066042	1066084	-	Genome	20.22	AGCGACTCCCCCGCTTCTCGCGGGGGAGTTTTCTGTTATTTCA	yccJ	1066087	1066314	3	cbpA	1062078	1062998	3964						-22.80	...(((((((((((.....))))))))))).............	no_overlap join
1085291	1085331	+	Gene	16.78	GTGCAGAGCCCGGGCGAACCGGGCTTTGTTTTGGGTGTTTA	phoH	1084215	1085279	12	ycdT	1092099	1093457	6768						-21.10	..(((((((((((.....)))))))))))............	no_overlap join
1096741	1096778	-	Genome	21.11	AAGAGCTCGTACGAAAGTACGGGCTTTTTTTTCGTATA	serX	1096788	1096875	10	insE1	1094361	1094660	2380						-16.30	((((((((((((....))))))))))))..........	no_overlap join
1099990	1100028	-	Gene	18.35	CGAAAGCGTGAGTGCCCCTCACGCTTTATTTTTGATTTC	csgG	1100074	1100907	46	serX	1096788	1096875	3202						-14.40	..((((((((((.....))))))))))............	
1100039	1100077	+	Genome	19.58	AAAATGCCGGATGATAATTCCGGCTTTTTTATCTGTCAG	ycdZ	1099519	1100010	29	csgB	1103174	1103629	3097	65	Most Distant	Convergence	Start=1100029;End=1100067;Strand=-;% Overlapping=74.359;Bit Score=15.16	64.1026	-11.50	((((.((((((.......)))))).))))..........	no_overlap join
1104143	1104178	+	Genome	19.75	AGAAACAGGGCGCAAGCCCTGTTTTTTTTCGGGAGA	csgA	1103670	1104125	18	csgC	1104184	1104516	6	66	Least Distant	Co-directionality	Start=1104133;End=1104168;Strand=-;% Overlapping=72.2222;Bit Score=14.47	63.8889	-16.40	.((((((((((....))))))))))...........	
1151077	1151124	+	Gene	14.35	GAACATCTCCAGGCGGTCGTTCGACCGCCTGAGTTTTATCTTTTTGTC	acpP	1150838	1151074	3	fabF	1151162	1152403	38						-18.60	.........(((((((((....))))))))).................	
1167379	1167425	+	Gene	14.25	ATTTGGCCCCTCATTCGCTCAGGCTGAGGGGCTTTTTTTGCGACTTA	ycfJ	1166822	1167361	18	bhsA	1168296	1168553	871						-18.20	....(((((((((.((.....)).)))))))))..............	no_overlap join
1168589	1168631	+	Gene	17.63	TTTTCCCCGCGACATGCCGTGTCGCGGGGATTTTTTTATCCGG	bhsA	1168296	1168553	36	lolC	1174650	1175849	6019						-23.00	...((((((((((((...)))))))))))).............	
1210811	1210849	-	Gene	14.69	AACAACGGGCGTGTTATACGCCCGTTTCAATATTTAACA	iraM	1210903	1211226	54	stfE	1208342	1208842	2469	70	Most Distant	Convergence	Start=1210823;End=1210859;Strand=+;% Overlapping=69.2308;Bit Score=18.62	70.2703	-15.30	...((((((((((...)))))))))).............	
1210823	1210859	+	Genome	18.62	AAACGGGCGTATAACACGCCCGTTGTTTTATTTATGT	icdC	1210636	1210800	23	ycgZ	1215012	1215248	4153	70	Least Distant	Convergence	Start=1210811;End=1210849;Strand=-;% Overlapping=72.973;Bit Score=14.69	70.2703	-15.30	.(((((((((.....))))))))).............	
1268302	1268345	-	Genome	23.50	AACCGGCCGCAGGGGTAACAGCCTGCGGCCTTTTTTGTATCCGG	ldrA	1268391	1268498	46	lolB	1262100	1262723	6202						-21.40	....(((((((((........)))))))))..............	
1268837	1268880	-	Genome	17.16	AACCGGCCGCAGGGGTAACAGCCTGCGGCCATTTTTGTCTTTAT	ldrB	1268926	1269033	46	ldrA	1268391	1268498	446						-21.50	....(((((((((........)))))))))..............	
1269372	1269415	-	Genome	17.16	AACCGGCCGCAGGGGTAACAGCCTGCGGCCATTTTTGTCTTTAT	ldrC	1269461	1269568	46	ldrB	1268926	1269033	446						-21.50	....(((((((((........)))))))))..............	
1285766	1285801	+	Gene	18.03	ATAGACCCTGCTTCGGCGGGGTTTTTTTATGGGCAC	narI	1285072	1285749	17	rssA	1288468	1289373	2667						-13.90	..(((((((((....)))))))))............	
1291600	1291641	-	Gene	15.49	AAAAACGGCGTCGATTGCTCAACGCCGTTTCGTGGATAACAC	hns	1291732	1292145	91	ychJ	1287897	1288355	3703	73	Most Distant	Convergence	Start=1291612;End=1291651;Strand=+;% Overlapping=71.4286;Bit Score=25.62	57.5	-15.20	..(((((((((.((....)).))))))))).(((.....)))	
1320986	1321022	-	Genome	17.38	CCCAGCCCGCCTAATGAGCGGGCTTTTTTTTGAACAA	trpL	1321062	1321106	40	trpE	1319408	1320970	1578						-14.00	...((((((((....).))))))).............	
1328411	1328448	+	Genome	17.80	AAACGCGAGGCTAAGACCTCGCGTTTTGCTTTAATCAA	sohB	1327356	1328405	6	topA	1329072	1331669	624	76	Most Distant	Convergence	Start=1328400;End=1328437;Strand=-;% Overlapping=71.0526;Bit Score=22.45	39.4737	-15.30	((((((((((......))))))))))............	no_overlap join
1341012	1341051	+	Genome	21.68	AAAAAGCCACGGATATATCCGTGGCTTTCGAATATTTTAC	yciH	1340682	1341008	4	ymiB	1344820	1344924	3769	78	Least Distant	Convergence	Start=1341002;End=1341039;Strand=-;% Overlapping=70;Bit Score=24.77	73.6842	-17.70	..(((((((((((....)))))))))))............	no_overlap join
1386292	1386334	+	Gene	19.17	ATATGCCTGATGGTGCAACACCATCAGGCATATTAAATTATGC	tyrR	1384744	1386285	7	ycjG	1386954	1387919	620	79	Most Distant	Convergence	Start=1386282;End=1386324;Strand=-;% Overlapping=76.7442;Bit Score=15.81	76.7442	-23.90	(((((((((((((((...)))))))))))))))..........	
1427033	1427070	+	Genome	17.60	ACAGCCCGCCGGTTCAGGCGGGCTTTTTTGTGGGGTGA	lomR	1426819	1427008	25	stfR	1427073	1430435	3						-18.20	..((((((((......))))))))..............	
1435213	1435250	-	Genome	19.69	AAAAGCCCGGACGACTGTTCGGGCTTGTCTTTTTATAT	ydbK	1435284	1438808	34	ompN	1433784	1434917	1429						-16.90	..((((((((((....))))))))))............	no_overlap join
1447051	1447087	-	Genome	21.07	AAAAAACGGCACCAGGTGCCGTTTTTTACTTATGAGC	tynA	1447100	1449373	13	feaR	1444402	1445307	2649	80	Least Distant	Convergence	Start=1447061;End=1447097;Strand=+;% Overlapping=72.973;Bit Score=23.26	78.3784	-14.90	((((((((((((...))))))))))))..........	
1449572	1449613	-	Gene	19.56	ATGAAGGGCAACGGCGAATAGTTGCCCTTTTATTTCACTAAG	paaZ	1449621	1451666	8	tynA	1447100	1449373	2472						-16.30	..((((((((((........))))))))))............	
1463106	1463148	-	Gene	14.12	ATAAAGCAGAGCTTAAACATAACTCTGCTTTATAATTAAAGGG	ynbG	1463189	1463254	41	paaZ	1449621	1451666	13485	81	Most Distant	Convergence	Start=1463116;End=1463158;Strand=+;% Overlapping=76.7442;Bit Score=20.48	60.4651	-13.90	(((((((((((.(((....))))))))))))))..........	
1501154	1501191	+	Genome	16.21	AGACGCGCCATCGTTAGATGGCGCTTTTTATCCGGTGC	ydcL	1500481	1501149	5	insQ	1501741	1502889	550						-16.20	....((((((((....))))))))..............	no_overlap join
1550036	1550075	+	Genome	16.88	GAAAATGGCGCTGTAAAAGGCGCCATTTTCATATTGTAGA	fdnI	1549362	1550015	21	osmC	1554649	1555080	4574						-20.10	((((((((((((......))))))))))))..........	
1570386	1570428	-	Gene	14.18	ACAGCCCCGTCAACACATCGTTGGCGGGGATTTTAGCAATATT	pqqL	1570431	1573226	3	gadB	1568669	1570069	1717						-18.60	....((((((((((.....))))))))))..............	
1590641	1590683	-	Genome	19.01	ATAAGCCGCATGTCGAGATGGCATGCGGCTTAATATTGCCGAC	yneO	1590689	1596011	6	hipB	1590200	1590466	441						-22.20	.(((((((((((((.....)))))))))))))...........	
1596590	1596636	-	Gene	16.11	ATTGACAGCCACATCATGATGACCGTGGCTGTTAGTTTTTGAGTATA	lsrK	1596641	1598233	5	yneO	1590689	1596011	5901						-16.90	((((((((((((.(((...)))..))))))))))))...........	no_overlap join
1607203	1607236	-	Gene	15.00	GAACCCGGTTTCGACCGGGTTTCTTATTTCACCA	uxaB	1607253	1608704	17	yneE	1606132	1607046	1071						-13.10	(((((((((....)))))))))............	
1616246	1616277	+	Gene	16.85	AAAGGCCCATTCGGGCCTTTTTTAATGGTACG	ydeA	1615052	1616242	4	marR	1617144	1617578	867						-12.70	((((((((....))))))))............	
1670810	1670851	+	Gene	15.37	CAAACGCTGCCCGACAGCGCGGGCAGCGTCTTCATCAGGCAA	ydgD	1669984	1670805	5	tqsA	1671937	1672971	1086	90	Most Distant	Convergence	Start=1670800;End=1670841;Strand=-;% Overlapping=76.1905;Bit Score=17.15	54.7619	-20.70	...((((((((((......)))))))))).............	no_overlap join
1684717	1684754	-	Genome	16.25	ACAGAGCCGCCCTTCGGGGCGGTTTTTTTACATGGCAC	fumA	1684755	1686401	1	fumC	1683209	1684612	1508	91	Least Distant	Co-directionality	Start=1684727;End=1684764;Strand=+;% Overlapping=73.6842;Bit Score=14.50	52.6316	-17.10	..((((((((((....))))))))))............	
1689565	1689606	-	Genome	17.66	ATAACGCCGGAGAGAAAAATCTCCGGCGTTTCAGATTGTTGA	uidC	1689610	1690875	4	fumA	1684755	1686401	4810	93	Least Distant	Convergence	Start=1689575;End=1689616;Strand=+;% Overlapping=76.1905;Bit Score=23.41	59.5238	-20.60	..(((((((((((......)))))))))))............	
1712314	1712356	+	Genome	33.98	TACAAGCCGCTAACTTTTCGTTAGCGGCTTTTTTTTTGTTCAG	dtpA	1710793	1712295	19	gstA	1712401	1713006	45	95	Least Distant	Co-directionality	Start=1712304;End=1712346;Strand=-;% Overlapping=76.7442;Bit Score=17.58	58.1395	-17.80	...(((((((((((.....))))))))))).............	
1782712	1782754	-	Genome	15.82	AAATCCCCGGCGGCGTTTAGTCGCCGGGGTTATGTGATCCCCG	ppsA	1782758	1785136	4	ydiP	1776414	1777325	6298	100	Least Distant	Convergence	Start=1782721;End=1782766;Strand=+;% Overlapping=79.0698;Bit Score=18.99	55.814	-22.70	....((((((((((.....))))))))))..............	no_overlap join
1782721	1782766	+	Gene	18.99	CATAACCCCGGCGACTAAACGCCGCCGGGGATTTATTTTATTTCTT	fadK	1781055	1782701	20	ppsR	1785469	1786302	2703	100	Most Distant	Convergence	Start=1782712;End=1782754;Strand=-;% Overlapping=73.913;Bit Score=15.82	55.814	-17.70	.....((((((((.(.....).))))))))................	
1797170	1797205	-	Genome	19.90	TGAAAGCCTCCCAGTGGAGGCTTTTTTTGTATGCGC	pheM	1797250	1797294	45	pheS	1795983	1796966	1187						-14.90	.((((((((((....))))))))))...........	no_overlap join
1810357	1810405	+	Gene	14.91	GCTGGCAACGGTCCGTTTTGTATAGGGGCCGTTGCCTTACTTTTTAAAT	ydjN	1808958	1810349	8	katE	1811891	1814152	1486						-22.40	...(((((((((((.(.......).))))))))))).............	no_overlap join
1819243	1819282	-	Genome	16.28	CAATACCGCAATATTTAAATTGCGGTTTTTAAGGGTATTT	chbB	1819323	1819643	41	chbC	1817880	1819238	1363						-10.50	....((((((((......))))))))..............	
1823928	1823977	-	Gene	17.58	ACTTACCCGCAGAAATCATTCTGCGGGTATTAAGTTGCTTTCTTATAAAT	astE	1823979	1824947	2	spy	1823164	1823649	764	103	Least Distant	Co-directionality	Start=1823946;End=1823988;Strand=+;% Overlapping=64;Bit Score=15.56	67.4419	-18.60	...(((((((((((....))))))))))).((((.......)))).....	no_overlap join
1868264	1868308	+	Gene	18.67	ACTATCAGCCAGGTCATTATCGCCTGGCTGATTTTTAGCTTACTG	yeaH	1866979	1868262	2	yeaI	1868409	1869884	101						-18.50	...(((((((((((.......))))))))))).............	
1881038	1881074	+	Genome	19.59	TTGAACCGCGTCACTGACGCGGTTTTTTTATTCGTTC	dmlA	1879936	1881021	17	yeaV	1881212	1882657	138						-15.10	..((((((((((...))))))))))............	
1902782	1902819	+	Genome	16.79	ACTACCGGGGCCTTTTGGCCCCGTTTTTTTATCTGGAG	manZ	1901919	1902770	12	yobD	1902825	1903283	6						-16.50	.....(((((((....)))))))...............	
1907280	1907324	-	Genome	16.81	AAGAACCTGTCGGAATATCAAACAGACAGGTTCTTTATTTAGCAT	kdgR	1907332	1908123	8	mgrB	1906647	1906790	633	107	Least Distant	Convergence	Start=1907287;End=1907337;Strand=+;% Overlapping=84.4444;Bit Score=14.91	62.2222	-15.70	(((((((((((.............)))))))))))..........	no_overlap join
1907287	1907337	+	Gene	14.91	ATAAAGAACCTGTCTGTTTGATATTCCGACAGGTTCTTACTCTCATCAGAA	yobH	1906949	1907188	99	yebQ	1908300	1909673	963	107	Most Distant	Convergence	Start=1907280;End=1907324;Strand=-;% Overlapping=74.5098;Bit Score=16.81	62.2222	-15.80	...(((((((((((.(.........).))))))))))).............	no_overlap join
1909674	1909713	+	Genome	25.53	AAAAAGCGCGTCGATCAGGACGCGCTTTTTAGTATTTACT	yebQ	1908300	1909673	1	yebS	1914282	1915565	4569	108	Least Distant	Convergence	Start=1909664;End=1909703;Strand=-;% Overlapping=75;Bit Score=32.56	60	-19.10	((((((((((((......))))))))))))..........	
1910747	1910790	-	Gene	19.60	ATCAATCAGGCACAAGAAATTGTGCCTGATTTTTTAACAGCGAC	prc	1910792	1912840	2	htpX	1909719	1910600	1028	109	Least Distant	Co-directionality	Start=1910757;End=1910800;Strand=+;% Overlapping=77.2727;Bit Score=16.12	65.9091	-18.30	...((((((((((((....)))))))))))).............	
1921120	1921164	-	Gene	14.87	CTGGACCGAATACAGGAATCGTGTTCGGTCTCTTTTTATCTGTTA	ryeB	1921188	1921308	24	pphA	1920337	1920993	783						-15.80	..(((((((((((.......)))))))))))..............	
1930104	1930144	+	Genome	19.41	AAAAATGCCCGATCCTCGATCGGGCATTTTGACTTTTACAG	purT	1928905	1930083	21	yebK	1934676	1935545	4532	110	Most Distant	Convergence	Start=1930095;End=1930133;Strand=-;% Overlapping=73.1707;Bit Score=18.84	66.6667	-19.40	.(((((((((((((...)))))))))))))...........	no_overlap join
1970796	1970836	-	Genome	20.93	ATGAACCCGATGATCTGCGCATCGGGTTTTTTATTTCAATT	cheW	1970860	1971363	24	tar	1969054	1970715	1742	112	Least Distant	Co-directionality	Start=1970806;End=1970846;Strand=+;% Overlapping=75.6098;Bit Score=14.49	56.0976	-14.30	..((((((((((.......))))))))))............	
1989764	1989795	-	Gene	16.02	AAACCACCTTCGGGTGGTTTTTTTGTGCCTGC	leuZ	1989839	1989925	44	yecA	1988978	1989643	786						-10.80	((((((((....))))))))............	
2034741	2034793	+	Gene	16.32	TCAATCGCGGCCGCGTTAGTACTCACGACGTGGCTGCGTTTTTTCACGGTTAA	hchA	2033859	2034710	31	hiuH	2036980	2037393	2187						-21.00	.....((((((((((((.((....))))))))))))))...............	no_overlap join
2050058	2050097	+	Genome	17.13	AAAGAGTGTTCCATTCGGGGCACTCTTTTTTACATTCCCT	yeeJ	2042962	2050038	20	shiA	2051667	2052983	1570						-16.00	((((((((((((....))))))))))))............	
2057959	2057995	+	Genome	16.00	AAAAGCCCGCTTTTATAGCGGGATTTTTGCTATATCT	asnU	2057875	2057950	9	asnV	2060284	2060359	2289						-11.90	(((((((((((.....)))))).))))).........	no_overlap join
2060366	2060403	+	Genome	30.74	AAAAAGCCTGCTTTCTAGCAGGCTTTTTGCTTTCTAAT	asnV	2060284	2060359	7	yoeA	2066659	2066962	6256	118	Least Distant	Convergence	Start=2060356;End=2060393;Strand=-;% Overlapping=73.6842;Bit Score=31.84	68.4211	-17.60	((((((((((((....))))))))))))..........	no_overlap join
2189631	2189669	-	Genome	14.11	ACATGGCCGCTATCCCATGGCGGCCTTTTAATTTAAGAG	yehD	2189702	2190244	33	yehC	2188948	2189667	683						-15.30	....(((((((((...)))))))))..............	
2209694	2209748	-	Gene	14.43	AAAAATTGGCGGTCATGTTTAGAGCATGACCGCCAACCGATTATTTCACTTCTTT	yehS	2209748	2210218	0	mrp	2191081	2192190	18613	129	Least Distant	Convergence	Start=2209710;End=2209756;Strand=+;% Overlapping=70.9091;Bit Score=17.78	61.7021	-22.60	.....((((((((((((((...))))))))))))))...................	no_overlap join
2209710	2209756	+	Gene	17.78	CGGTTGGCGGTCATGCTCTAAACATGACCGCCAATTTTTTAGCCTTT	yehR	2209247	2209708	2	mlrA	2212888	2213619	3132	129	Most Distant	Convergence	Start=2209694;End=2209748;Strand=-;% Overlapping=82.9787;Bit Score=14.43	61.7021	-22.40	.((((((((((((((.......))))))))))))))...........	
2221914	2221957	-	Gene	14.64	GAATTCGGATGGCGATACTCTGCCATCCGTAATTTTTACTCCAC	pbpG	2221960	2222892	3	bglX	2217714	2220011	4200						-16.90	((((((((((((((......))))))))).))))).........	no_overlap join
2237327	2237367	-	Gene	15.71	GATTGGGCGCAGTCTATTACTGCGCCCTTATTGTATGGCCA	mglB	2237372	2238370	5	mglA	2235791	2237311	1536						-17.70	....(((((((((.....)))))))))..............	
2284369	2284412	+	Genome	15.64	ATAAACAGACCGTGACACATCACAGCCTGTTTATTTTCTGTTAT	proL	2284233	2284309	60	narP	2288522	2289169	4110	135	Least Distant	Convergence	Start=2284359;End=2284402;Strand=-;% Overlapping=77.2727;Bit Score=18.59	63.6364	-10.40	((((((((.(.((((....)))).).))))))))..........	
2325323	2325364	+	Genome	24.55	AAACACCCGATAGCGAAAGTTATCGGGTGTTTTCTTGAACAT	atoB	2324131	2325315	8	ubiG	2337589	2338311	12225	137	Least Distant	Convergence	Start=2325312;End=2325355;Strand=-;% Overlapping=78.5714;Bit Score=23.26	69.0476	-21.50	((((((((((((((....))))))))))))))..........	
2354742	2354787	+	Gene	17.92	CTGATGCCCGGTAAGCATGTGGTTACCGGGCATTTTTGCGTACACG	glpC	2353543	2354733	9	yfaD	2354926	2355825	139						-21.90	..((((((((((((.(....).))))))))))))............	no_overlap join
2381950	2381999	-	Gene	16.34	ATGTTCGACCAGTCAGCATATTTGCTGACTGGTCGAATTAATTAACAATG	yfbK	2382017	2383744	18	elaA	2379104	2379565	2846	138	Most Distant	Convergence	Start=2381957;End=2382013;Strand=+;% Overlapping=86;Bit Score=15.88	68	-29.10	..((((((((((((((((....))))))))))))))))............	
2381957	2382013	+	Gene	15.88	AATTAATTCGACCAGTCAGCAAATATGCTGACTGGTCGAACATAGTTTGCTAAACAG	elaD	2380735	2381946	11	yfbL	2383882	2384853	1869	138	Least Distant	Convergence	Start=2381950;End=2381999;Strand=-;% Overlapping=75.4386;Bit Score=16.34	68	-26.90	......(((((((((((((((....))))))))))))))).................	no_overlap join
2388022	2388060	+	Genome	15.35	AAAAACCGCCGAGCATGTCGGCGGCTTTCTGACTTACAA	yfbP	2387138	2387986	36	alaA	2405583	2406800	17523	139	Most Distant	Convergence	Start=2388011;End=2388051;Strand=-;% Overlapping=76.9231;Bit Score=18.60	56.4103	-13.70	.....(((((((.....)))))))...............	no_overlap join
2410640	2410678	-	Genome	15.80	TAAAAGAAGGCATACTCAGCCTTCTTTTTTTTCACCGTA	yfbV	2410699	2411154	21	yfbU	2410122	2410616	518	141	Least Distant	Co-directionality	Start=2410650;End=2410688;Strand=+;% Overlapping=74.359;Bit Score=18.29	61.5385	-12.40	.((((((((((.......))))))))))...........	
2412697	2412735	+	Gene	17.42	TCACACCGCCAGCTCAGCTGGCGGTGCTGTTTTGTAACC	ackA	2411492	2412694	3	pta	2412769	2414913	34						-20.10	.((((((((((((...)))))))))).))..........	
2416630	2416665	+	Genome	20.50	TAAGAGCCGCAATTGCGGCTCTTTTTTCATTCTGCC	yfcC	2415103	2416623	7	yfcG	2418643	2419290	1978	142	Most Distant	Convergence	Start=2416614;End=2416655;Strand=-;% Overlapping=72.2222;Bit Score=17.78	69.4444	-15.90	.(((((((((....))))))))).............	
2430986	2431028	-	Genome	18.82	GATAAGGGCAGGGCCACTGGCTCTGCCCTTTTGCTATTCTCAC	accD	2431034	2431948	6	folC	2429696	2430964	1290	143	Least Distant	Co-directionality	Start=2430997;End=2431037;Strand=+;% Overlapping=74.4186;Bit Score=14.01	65.8537	-22.10	...((((((((((((...)))))))))))).............	
2453060	2453101	-	Gene	14.13	ATACCCCCATAGCGACACTGCTATGGGGTATTTAAATGGATT	yfcV	2453105	2453668	4	yfcU	2450378	2453023	2682						-17.20	....((((((((((....))))))))))..............	
2485978	2486027	-	Gene	14.08	AAATAGCTCCCACATTTGAACATTGTGGGAGCCGCTATTTAGTCATTTTT	yfdE	2486045	2487190	18	emrK	2480198	2481361	5780						-16.70	.....(((((((((.........)))))))))..................	no_overlap join
2487196	2487240	-	Genome	18.29	TAAATGCCGAAGTGTCTTTTCACCTTCGGCTTTTTTCAAGGCATA	yfdV	2487264	2488208	24	yfdE	2486045	2487190	1151						-12.40	.....(((((((((......)).)))))))...............	
2519355	2519391	+	Genome	20.48	AAAAAAGCGCCCTAAAGGCGCTTTTTTACTATCTGCG	lysV	2519275	2519350	5	yfeN	2523149	2523913	3758	150	Least Distant	Convergence	Start=2519345;End=2519381;Strand=-;% Overlapping=72.973;Bit Score=22.27	75.6757	-14.60	(((((((((((.....)))))))))))..........	no_overlap join
2530281	2530320	+	Gene	16.14	AAACAGGGGTGGCTTATGCCGCCCCTTATTCCATCTTGCA	cysZ	2529485	2530246	35	cysK	2530431	2531402	111						-19.20	....(((((((((....)))))))))..............	no_overlap join
2537676	2537721	-	Gene	14.70	AAACGCCCGGAGGCGCTTCCCGCGATCCGGGCTTTTTAATGGCAAG	cysA	2537739	2538836	18	cysM	2536694	2537605	982						-19.10	....(((((((..(((.....))).)))))))..............	
2548574	2548612	-	Genome	14.14	AACAATGCCACGGATTGCGTGGCATTATTATTTTCAGGA	yfeY	2548663	2549238	51	yfeX	2547668	2548567	906						-14.30	...(((((((((.....))))))))).............	
2558925	2558961	+	Gene	15.07	ATCAGGCGGGCAATGTTCCCGCCTTTTCTTTGCCTTA	yffL	2558279	2558920	5	yffM	2559390	2559635	429						-12.40	...(((((((.......))))))).............	
2562422	2562458	+	Gene	16.26	ATACACCCGGCCCCTCGCCGGGTTTTTTGTGATCTGC	yffR	2562002	2562394	28	yffS	2562545	2563354	87						-13.40	....(((((((.....)))))))..............	
2588779	2588820	+	Gene	16.02	ATTAAGAACCTGCTCAGCGGGTTCTTGCTGTTTGTACTTTGT	acrD	2585617	2588730	49	yffB	2589269	2589625	449						-14.50	..(((((((((((...)))))))))))...............	
2595811	2595850	-	Genome	16.69	ATACAGGGCTGGAATCATCCGGCCCTTTTTTCTGATATGA	bamC	2595853	2596887	3	purC	2594927	2595640	884						-16.10	....(((((((((....)))))))))..............	
2612804	2612856	+	Gene	15.23	AAAAATCAGCCCGGCGAAACAGTTCGTCGGGCTGAAGATTATTCTTGCGCGAT	focB	2611956	2612804	0	yfgC	2614116	2615579	1260						-24.20	......((((((((((((....))))))))))))((((....)))).......	
2618216	2618252	-	Genome	26.49	AAAGCCGACTTTAAGAGTCGGCTTTTTTTTGAGTAAA	upp	2618268	2618894	16	uraA	2616893	2618182	1323	155	Least Distant	Co-directionality	Start=2618226;End=2618264;Strand=+;% Overlapping=72.973;Bit Score=25.44	70.2703	-14.70	(((((((((((...)))))))))))............	
2620907	2620946	+	Genome	15.72	TAAAGCGCCAGCTCTGCCGCTGGCGTTTTTCAATTCACCT	purN	2620256	2620894	13	ppk	2621066	2623132	120						-17.60	.(((((((((((......)))))))))))...........	
2624681	2624725	+	Gene	15.11	CTTTGCGGGCCGACGAGAAATGTCGGCCCGCATTATTCAGGCACT	ppx	2623137	2624678	3	yfgG	2627312	2627503	2587						-24.00	...(((((((((((.......))))))))))).............	no_overlap join
2641094	2641151	-	Gene	23.27	ATAGCCATTACGCCACGGTTACTTTATGTACCGTGGCGTAATGTTTTATGAATGAAGT	rlmN	2641151	2642305	0	rodZ	2639853	2640866	1241						-26.00	.....((((((((((((((.((.....))))))))))))))))...............	
2735538	2735573	+	Genome	14.08	GCCAACGCGCCTTCGGGCGCGTTTTTTGTTGACAGC	raiA	2735176	2735517	21	pheL	2735621	2735668	48						-14.40	...((((((((....)))))))).............	
2755426	2755467	+	Gene	16.11	ATTTATCAGCCCAGCTCTCTGGGCTGATATTTCTAAAAGATC	intA	2754181	2755422	4	alpA	2756666	2756878	1199						-18.40	...(((((((((((....))))))))))).............	no_overlap join
2759209	2759253	+	Gene	15.08	ACAATGGCCTTTCTTATGGCTGGAAAGGCCTGATTTGTTTGTATT	yfjJ	2758569	2759195	14	rnlA	2763940	2765013	4687						-14.50	.....(((((((((.......)))))))))...............	
2766623	2766662	+	Genome	19.06	GAGCCCTGTCGCAAGTGCGGCAGGGCTTTCTTTATTTGTT	yfjP	2765732	2766595	28	yfjQ	2766687	2767508	25						-22.90	((((((((((((....))))))))))))............	
2773892	2773930	+	Gene	14.91	CATACGCCAGCCATCGCCGCTGGCGTTTTTTATTCACGG	ypjI	2773567	2773838	54	yfjX	2773941	2774399	11						-14.00	...((((((((.......)))))))).............	
2786679	2786722	+	Gene	19.26	TTATATCTGCCCCGATAAAACGGGGCAGATAATATGTTTAGTTT	ygaQ	2784419	2786671	8	csiD	2787007	2787984	285	170	Least Distant	Co-directionality	Start=2786665;End=2786712;Strand=-;% Overlapping=77.2727;Bit Score=14.24	70.4545	-20.70	...(((((((((((......))))))))))).............	
2809366	2809407	+	Genome	14.23	GACTGGCCAGCATCGCAACATGCTGGCCTTTTTGGCAAGCAG	mprA	2808792	2809322	44	emrA	2809449	2810621	42	171	Least Distant	Co-directionality	Start=2809350;End=2809398;Strand=-;% Overlapping=78.5714;Bit Score=21.62	50	-16.70	....(((((((((......)))))))))..............	
2864495	2864534	+	Genome	18.60	AAAAAGGTCCGATGGGCATCGGACCTTTTATTGTGCACAG	ygbN	2863123	2864487	8	iap	2874603	2875640	10069	173	Least Distant	Convergence	Start=2864486;End=2864523;Strand=-;% Overlapping=72.5;Bit Score=20.74	71.0526	-17.10	.((((((((((((....))))))))))))...........	no_overlap join
2864525	2864566	-	Genome	24.97	GAAAGGCCAGTCTCAAGCGAGGCTGGCCTTTTCTGTGCACAA	rpoS	2864581	2865573	15	ygbI	2858489	2859256	6036	173	Least Distant	Convergence	Start=2864535;End=2864576;Strand=+;% Overlapping=76.1905;Bit Score=20.64	59.5238	-23.40	((((((((((((((....))))))))))))))..........	no_overlap join
2864535	2864576	+	Genome	20.64	AAAAGGCCAGCCTCGCTTGAGACTGGCCTTTCTGACAGATGC	ygbN	2863123	2864487	48	iap	2874603	2875640	10027	173	Most Distant	Convergence	Start=2864525;End=2864566;Strand=-;% Overlapping=76.1905;Bit Score=24.97	59.5238	-18.20	.(((((((((.(((....))).)))))))))...........	
2904617	2904654	+	Genome	22.64	AAAATGCCAGCCCGGAGGCTGGCATTTTTAAATCAGAT	ygcG	2903733	2904605	12	barA	2913079	2915835	8425	175	Least Distant	Convergence	Start=2904607;End=2904644;Strand=-;% Overlapping=73.6842;Bit Score=26.19	68.4211	-18.50	((((((((((((....))))))))))))..........	
2905996	2906034	-	Gene	18.61	GGCAACGCGTACCCTGGGTACGCGTTGTTTGTCTGGAGT	pyrG	2906051	2907688	17	eno	2904665	2905963	1331	176	Least Distant	Co-directionality	Start=2906006;End=2906054;Strand=+;% Overlapping=74.359;Bit Score=15.51	71.7949	-19.70	.((((((((((((...))))))))))))...........	
2916029	2916054	-	Gene	14.72	AAACCGGCTCTATCTGGAGCCGGTTT	gudD	2916067	2917407	13	rlmD	2911721	2913022	4308	177	Least Distant	Convergence	Start=2916029;End=2916066;Strand=+;% Overlapping=100;Bit Score=23.72	84.6154	-17.20	(((((((((((....)))))))))))	
2986222	2986263	+	Gene	17.12	TTATACGGGCATTTATTGAAATGTCCGTATTTTATAAATAGG	yqeH	2985558	2986190	32	yqeI	2986524	2987333	261						-14.20	..((((((((((((....))))))))))))............	
2991897	2991942	+	Gene	14.93	CATAACGAGATACTTTTATAATAGTATCTCGTTCCTTTCATTCAAT	ygeI	2991660	2991878	19	pbl	2991961	2992463	19	178	Least Distant	Co-directionality	Start=2991884;End=2991931;Strand=-;% Overlapping=76.087;Bit Score=14.95	41.3043	-14.50	...(((((((((((........))))))))))).............	
3001981	3002022	-	Gene	14.84	GAATCCGGCCTGAATTCAGGCCGGATATCCTTTTACTTCGTT	ygeV	3002030	3003808	8	ygeR	2997158	2997913	4823						-19.80	..((((((((((....))))))))))................	no_overlap join
3026513	3026552	+	Gene	14.65	GATTCTCCGCGCCTTTCAGCGCGGAGATTTCTTTCAGAGA	ygfQ	3025143	3026510	3	uacT	3029389	3030837	2837						-18.00	((.(((((((((......)))))))))..)).........	
3055141	3055183	-	Genome	24.80	ATCAACGGGCAGGTCACTGACTTGCCCGTTTTTTTATCCCTTC	serA	3055200	3056432	17	ibsC	3054912	3054971	229						-19.60	...((((((((((((...)))))))))))).............	no_overlap join
3068131	3068167	-	Gene	17.25	CTCAAGGCCCGCTCTGCGGGTCTTTTTTTCGCCAAAA	fbaA	3068187	3069266	20	mscS	3066969	3067829	1162						-14.10	...(((((((((...))))))))).............	no_overlap join
3081844	3081890	-	Gene	15.45	CAACCCTTCCTCGTCGGGCCTAACGACGCGGAAGGGTTTTTTTATAT	speA	3081957	3083933	67	speB	3080899	3081819	945						-24.40	.(((((((((.(((((.......))))).))))))))).........	
3132845	3132885	-	Genome	16.38	AAAATGCCCGGTCCTGGCGATCGGGCATTTCCATTTTTGAC	pitB	3132894	3134393	9	yghS	3131266	3131979	1579						-18.30	.((((((((((((.....))))))))))))...........	
3156910	3156957	+	Gene	15.33	AAAAATCCCCGGTAGCGTGTCAGTTGCCGGGGATATTTTTTAACGTCC	yqhH	3156649	3156906	4	qseB	3167850	3168509	10893	184	Most Distant	Convergence	Start=3156900;End=3156947;Strand=-;% Overlapping=79.1667;Bit Score=19.96	62.5	-23.10	....((((((((((((......))))))))))))..............	no_overlap join
3192562	3192602	+	Genome	18.64	ATAATCCCTGGCCCAAAAAGCCGGGGATTTTTTATATCTGC	yqiK	3190886	3192547	15	ibsD	3192788	3192847	186						-16.20	..((((((((((.......))))))))))............	
3192939	3192979	+	Genome	14.21	CATATCCCTGGCCCAAAAAGCCGGGGATTTTTTATATCTGC	ibsD	3192788	3192847	92	ibsE	3193163	3193222	184						-15.30	...(((((((((.......))))))))).............	
3212952	3212988	-	Genome	15.90	AAAACGCCACCGAAAAGGTGGCGTTTGTGCAGAGGGC	mug	3212989	3213495	1	tsaD	3207552	3208565	5400	186	Least Distant	Convergence	Start=3212961;End=3212999;Strand=+;% Overlapping=75.6757;Bit Score=23.11	56.7568	-17.90	.((((((((((.....))))))))))...........	no_overlap join
3212961	3212999	+	Genome	23.11	ACAAACGCCACCTTTTCGGTGGCGTTTTTTATCGCCCAC	rpoD	3211069	3212910	51	ileX	3213620	3213695	621	186	Most Distant	Convergence	Start=3212952;End=3212988;Strand=-;% Overlapping=71.7949;Bit Score=15.90	56.7568	-16.50	..((((((((((.....))))))))))............	no_overlap join
3213693	3213732	-	Genome	23.32	AAAAGGCTGACGATTTCTCGTCAGCCTTTGCTATATCTGG	yqjH	3213749	3214513	17	mug	3212989	3213495	704	187	Most Distant	Convergence	Start=3213703;End=3213742;Strand=+;% Overlapping=75;Bit Score=30.93	65	-19.50	.((((((((((((....))))))))))))...........	
3213703	3213742	+	Genome	30.93	CAAAGGCTGACGAGAAATCGTCAGCCTTTTTCTTTTTATA	ileX	3213620	3213695	8	yqjI	3214801	3215424	1059	187	Least Distant	Convergence	Start=3213693;End=3213732;Strand=-;% Overlapping=75;Bit Score=23.32	65	-19.90	.((((((((((((....))))))))))))...........	
3239784	3239826	-	Genome	26.39	AAAACGGCGTTTCATAATGTGAAGCGCCGTTTGCTTTTCCATA	uxaA	3239849	3241336	23	ygjV	3239215	3239766	569	189	Least Distant	Co-directionality	Start=3239795;End=3239837;Strand=+;% Overlapping=74.4186;Bit Score=22.21	37.2093	-20.10	.((((((((((((((...))))))))))))))...........	no_overlap join
3244573	3244608	+	Genome	22.21	AAAGCCGCCTTCTCAGGCGGCTTTTTCATCACTGCG	exuT	3243126	3244544	29	exuR	3244674	3245450	66						-15.90	((((((((((....))))))))))............	
3248999	3249036	+	Genome	20.83	AAAAACGAGGAGGAAGCTCCTCGTTTTTGCTATTGGAG	yqjF	3248584	3248976	23	yqjG	3249046	3250032	10	190	Least Distant	Co-directionality	Start=3248989;End=3249026;Strand=-;% Overlapping=73.6842;Bit Score=24.55	73.6842	-17.30	((((((((((((....))))))))))))..........	
3251295	3251332	+	Genome	14.19	GAATTGGGGCGATATTTCGCCCCTTTTTATTAACAATA	yhaI	3250933	3251289	6	yhaK	3252341	3253042	1009						-16.00	(((..(((((((....)))))))..)))..........	no_overlap join
3256250	3256287	-	Gene	15.98	CCTTGGGTGCACAAATGTGCACCTTTTTTTTGTGATCT	tdcG	3256307	3257671	20	yhaO	3254701	3256032	1549						-13.30	....((((((((....))))))))..............	
3268195	3268228	-	Gene	22.48	AAAAACCCGCTTCGGCGGGTTTTTGCTTTTGGAG	rnpB	3268238	3268614	10	tdcA	3264149	3265087	4046	193	Least Distant	Convergence	Start=3268205;End=3268238;Strand=+;% Overlapping=70.5882;Bit Score=18.71	64.7059	-14.70	((((((((((....))))))))))..........	no_overlap join
3286036	3286083	+	Gene	17.87	GTTAGGGCGTTATCTGACCTGTCAGATAACGCCCTTTTCCTTCCTCTT	yraH	3285448	3286032	4	yraI	3286112	3286807	29	194	Least Distant	Co-directionality	Start=3286023;End=3286072;Strand=-;% Overlapping=77.0833;Bit Score=15.02	29.1667	-23.50	...((((((((((((((....)))))))))))))).............	
3320701	3320736	-	Genome	19.57	AAAAAGGCGGCGATTGTCGCCTTTTTTCTCAGCGAA	glmM	3320755	3322092	19	secG	3320195	3320527	506						-14.30	(((((((((((....)))))))))))..........	
3326184	3326216	-	Gene	16.73	AAAAGGCCGCTATGCGGCCTTTTATCAACGAAC	greA	3326261	3326737	45	rlmE	3325057	3325686	1127	200	Least Distant	Convergence	Start=3326192;End=3326228;Strand=+;% Overlapping=75.7576;Bit Score=16.83	63.6364	-15.40	((((((((((...))))))))))..........	
3374272	3374308	+	Genome	15.36	CAAAACAGGCCGCCTGGGCCTGTTTTGTATTACTTCA	dcuD	3372891	3374258	14	yhcB	3378213	3378611	3905	202	Most Distant	Convergence	Start=3374262;End=3374298;Strand=-;% Overlapping=72.973;Bit Score=17.21	70.2703	-18.50	(((((((((((.....)))))))))))..........	
3383846	3383882	+	Genome	16.34	ATATTGCCCCCGGTTCGGGGGCTTTTTTTTGCGCTAA	yhcN	3383560	3383823	23	aaeR	3387542	3388471	3660						-14.80	.....(((((((...)))))))...............	
3384202	3384240	-	Genome	29.53	CAAAACCGACGCCAAAAGCGTCGGTTTTTTCATGGCTAT	aaeB	3384243	3386210	3	yhcO	3383879	3384151	323	205	Least Distant	Co-directionality	Start=3384212;End=3384250;Strand=+;% Overlapping=74.359;Bit Score=20.18	71.7949	-16.40	.(((((((((((.....)))))))))))...........	
3416169	3416204	+	Gene	17.04	ATAAAGGCGCTTTCGGGTGCCTTTATTATTTCCAGT	acrF	3413055	3416159	10	yhdV	3416412	3416633	208	208	Least Distant	Co-directionality	Start=3416155;End=3416198;Strand=-;% Overlapping=83.3333;Bit Score=14.15	61.1111	-13.20	(((((((((((....)))))))))))..........	
3416637	3416674	+	Genome	16.23	AACAGGGCGCGGAGTTCCGCGCTCTTTTTAACGATACA	yhdV	3416412	3416633	4	yhdW	3417064	3418088	390						-16.60	...(((((((((....))))))))).............	
3435919	3435954	+	Gene	19.87	AATAAGGCGTCTAATGACGCCTTATTATTTCCCTTT	trkA	3434540	3435916	3	mscL	3436046	3436456	92	211	Least Distant	Co-directionality	Start=3435909;End=3435944;Strand=-;% Overlapping=72.2222;Bit Score=16.51	72.2222	-16.70	(((((((((((....)))))))))))..........	no_overlap join
3440568	3440609	-	Gene	14.72	GTTGAGCTGGCTAGATTAGCCAGCCAATCTTTTGTATGTCTG	rpmJ	3440640	3440756	31	rpsM	3440137	3440493	431						-15.30	((((.((((((((...))))))))))))..............	
3465103	3465143	-	Gene	20.26	GTCAATGGGCTACTTTTGGTAGCCCATTATTTTTATTCATA	chiA	3465182	3467875	39	bfd	3464819	3465013	284						-16.20	...(((((((((((...))))))))))).............	
3472607	3472649	-	Gene	14.33	TTCGGCGTCCTCATATTGTGTGAGGACGTTTTATTACGTGTTT	tusB	3472700	3472987	51	rpsL	3472200	3472574	407						-16.50	...((((((((((((...)))))))))))).............	
3523448	3523481	+	Gene	17.50	AAAAAGGCGCTTCGGCGCCTTTTCAGTTTGCTGA	mrcA	3520893	3523445	3	yrfF	3524491	3526626	1010	217	Least Distant	Convergence	Start=3523438;End=3523471;Strand=-;% Overlapping=70.5882;Bit Score=14.12	64.7059	-15.00	.(((((((((....)))))))))(((....))).	no_overlap join
3633932	3633979	+	Gene	20.99	TAAAACCAGCGTTGACCATTTGCGTAACGCTGGTTTTTCTTAGGCATC	yhiM	3632864	3633916	16	pitA	3635665	3637164	1686	222	Least Distant	Convergence	Start=3633922;End=3633969;Strand=-;% Overlapping=79.1667;Bit Score=14.61	60.4167	-16.40	.(((((((((((((.((....).))))))))))))))...........	
3645678	3645724	+	Gene	15.17	TTAAAGGGCTAAGAGTAGTGTGCTCTTAGCCCTTAATTACGTTTCCG	gor	3644322	3645674	4	arsR	3646551	3646904	827	224	Least Distant	Convergence	Start=3645669;End=3645713;Strand=-;% Overlapping=76.5957;Bit Score=14.29	68.8889	-22.00	...((((((((((((((...)))))))))))))).............	no_overlap join
3661557	3661610	+	Gene	20.52	AATGAGAGTAAGGTTGAACATGAAGGTTCAGCCTTACTCTTTCCTGCTAACCAT	mdtF	3658437	3661550	7	gadY	3662887	3662991	1277	228	Least Distant	Convergence	Start=3661547;End=3661600;Strand=-;% Overlapping=81.4815;Bit Score=14.04	61.1111	-24.40	...((((((((((((((((......)))))))))))))))).............	
3665765	3665808	-	Gene	20.26	TTGATCGCCCGAACAGCAATGTTTGGGCGATTTTTATTACGATA	yhjA	3665814	3667211	6	gadA	3664203	3665603	1562						-20.70	..(((((((((((((....)))))))))))))............	
3706596	3706632	-	Genome	26.00	AAAAGCCTGCTCAACGAGCAGGCTTTTTTGCATCTGC	proK	3706639	3706715	7	dppA	3704121	3705728	2475	231	Least Distant	Co-directionality	Start=3706606;End=3706642;Strand=+;% Overlapping=72.973;Bit Score=23.55	70.2703	-16.40	((((((((((((...))))))))))))..........	no_overlap join
3716324	3716362	+	Gene	14.99	GTAAAGCCCGATAATCGCTCGGGCTTTTACTCTTTATTG	ghrB	3715333	3716307	17	yiaG	3717501	3717791	1139						-13.90	(((((((((((.......)))))).))))).........	no_overlap join
3724898	3724939	-	Genome	19.27	AAGCCCGGTCAGTCCAATGTGACCGGGCTTTTACTTAACTCA	yiaA	3724947	3725384	8	ysaB	3723436	3723735	1462	233	Most Distant	Convergence	Start=3724908;End=3724951;Strand=+;% Overlapping=76.1905;Bit Score=14.50	52.381	-20.60	(((((((((((........)))))))))))............	no_overlap join
3724908	3724951	+	Gene	14.50	AAAAGCCCGGTCACATTGGACTGACCGGGCTTACGTGAGTTATT	wecH	3723910	3724905	3	xylF	3729154	3730146	4203	233	Least Distant	Convergence	Start=3724898;End=3724939;Strand=-;% Overlapping=72.7273;Bit Score=19.27	52.381	-20.60	..(((((((((((........)))))))))))............	
3734318	3734365	-	Gene	21.24	TTGAGCCTTATCCGACTTGTCAGTCGGATAAGGCTTTTTACTTTGTCT	bax	3734376	3735200	11	xylA	3727466	3728788	6852						-24.80	..(((((((((((((((....)))))))))))))))............	no_overlap join
3755939	3755983	-	Genome	19.94	AAAAGCACATTGTTTAATGAATACAATGTGCTTTTTATTAGATTA	selB	3756040	3757884	57	yiaY	3754699	3755850	1240	234	Least Distant	Co-directionality	Start=3755951;End=3755993;Strand=+;% Overlapping=73.3333;Bit Score=14.30	72.093	-15.00	(((((((((((((.........)))))))))))))..........	no_overlap join
3788301	3788338	-	Genome	16.56	AACAAGGGCTGGTATTCCAGCCCTTTTATCTGAGGATA	tdh	3788343	3789368	5	yibD	3787070	3788104	1231	236	Least Distant	Co-directionality	Start=3788312;End=3788347;Strand=+;% Overlapping=71.0526;Bit Score=15.62	72.2222	-16.60	...(((((((((....))))))))).............	no_overlap join
3813817	3813852	-	Genome	21.09	TAAGGCGACTGATGAGTCGCCTTTTTTTTGTCTGTA	rph	3813886	3814572	34	pyrE	3813150	3813791	667						-14.70	.(((((((((....))))))))).............	
3843747	3843785	-	Gene	15.93	CTTTTGCCCGGCATGACGCCGGGCTTTTTTTATTATTCC	uhpT	3843799	3845190	14	yicO	3840478	3841812	3269						-16.10	.....(((((((.....)))))))...............	
3850847	3850889	-	Genome	26.86	AAAACCCCGCCGGCGCAAACCGGGCGGGGTTTTTCGTTTAAGC	ivbL	3850913	3851011	24	ilvB	3849119	3850807	1728	239	Least Distant	Co-directionality	Start=3850857;End=3850899;Strand=+;% Overlapping=76.7442;Bit Score=21.45	60.4651	-21.10	(((((((((((((......)).)))))))))))..........	
3868370	3868409	-	Genome	18.51	AAAGCCGGTGCGGTCAGGCATCGGCTTTTTACTATCTTGC	dgoT	3868461	3869753	52	yidR	3866085	3867332	2285						-18.00	(((((((((((......)))))))))))............	
3893245	3893289	+	Genome	24.76	AAAAACCCGCCAGCAATCATGCATGGCGGGTTTTTAACGCGCTAT	chrR	3892675	3893241	4	yieH	3894797	3895462	1508	245	Least Distant	Convergence	Start=3893235;End=3893279;Strand=-;% Overlapping=77.7778;Bit Score=35.90	64.4444	-22.30	(((((((((((((((....))).))))))))))))..........	
3896638	3896685	-	Gene	18.43	AATAAGGCCGGATGTGTGAATTACGCTCCGGCCTGTTCTCATTATTTA	yieK	3896694	3897416	9	purP	3893295	3894632	3343	246	Least Distant	Convergence	Start=3896648;End=3896695;Strand=+;% Overlapping=79.1667;Bit Score=16.14	47.9167	-20.30	....((((((((.(((((...)))))))))))))..............	
3896648	3896695	+	Gene	16.14	GAACAGGCCGGAGCGTAATTCACACATCCGGCCTTATTTCTTAAGCTT	cbrC	3896045	3896632	16	asnA	3925178	3926170	28483	246	Most Distant	Convergence	Start=3896638;End=3896685;Strand=-;% Overlapping=79.1667;Bit Score=18.43	47.9167	-16.50	(((.(((((((((.((.....)).).))))))))...)))........	no_overlap join
3903648	3903711	-	Gene	20.78	CAAAACCTGAAAAAAATTGCTTGATTCACGTCAGGCCGTTTTTTTCAGGTTTTTTTTTGGAGTT	bglG	3903754	3904590	43	bglF	3901743	3903620	1905						-27.00	.((((((((((((((((.(((((((....))))))).))))))))))))))))...........	
3909820	3909855	-	Genome	14.97	GATGCCCTGCGTAAGCGGGGCATTTTTCTTCCTGTT	glmS	3909862	3911691	7	pstS	3908508	3909548	1312						-17.70	((((((((((....))))))))))............	no_overlap join
3946437	3946473	-	Gene	14.73	AAAAAAAGGGCATTTCGCCCTTTTTATTAATCGTCAG	yifB	3946472	3947992	-1	hdfR	3945151	3945990	1286	249	Least Distant	Convergence	Start=3946449;End=3946481;Strand=+;% Overlapping=67.5676;Bit Score=19.94	63.6364	-12.00	..(((((((((.....)))))))))............	
3948463	3948506	+	Genome	23.61	TAAGACCCCCGCACCGAAAGGTCCGGGGGTTTTTTTTGACCTTA	ilvL	3948345	3948443	20	ilvX	3948530	3948580	24						-21.60	.((((((((((.(((....))).))))))))))...........	
3957525	3957561	+	Gene	15.75	CAAGGCCTTCTCCTGGAGAAGGCCTTGCTATTAGTTG	ilvC	3955993	3957468	57	rep	3958700	3960721	1139	250	Most Distant	Convergence	Start=3957515;End=3957551;Strand=-;% Overlapping=72.973;Bit Score=14.03	75.6757	-20.00	((((((((((((...))))))))))))..........	no_overlap join
4003837	4003872	+	Genome	18.15	GCAGGCGCTGAAAATAGCGCCTGTTTTTATTTCAGG	pldA	4002885	4003754	83	recQ	4003887	4005716	15						-16.10	((((((((((....))))))))))............	
4013343	4013381	+	Genome	17.49	AAACCGGGTGGTAATACCACCCGGTCTTTTCTCATTACA	metE	4011076	4013337	6	udp	4014454	4015215	1073	252	Least Distant	Convergence	Start=4013331;End=4013371;Strand=-;% Overlapping=74.359;Bit Score=16.45	66.6667	-18.60	..((((((((((...))))))))))..............	no_overlap join
4148416	4148457	-	Genome	22.45	GCAAACCCTCGTGCTTTTGCGCGAGGGTTTTCTGAAATACTT	ppc	4148470	4151121	13	eptC	4146555	4148288	1861						-21.40	..((((((((((((....))))))))))))............	
4172060	4172097	-	Gene	14.24	TTGCAGGGGAGCGAATACTCCCCTTTCTTATTTTTCTG	coaA	4172099	4173049	2	trmA	4160193	4161293	11867						-12.30	....(((((((......)))))))..............	no_overlap join
4178986	4179027	+	Genome	19.83	ATGGCTGGTGACTTTTTAGTCACCAGCCTTTTTGCGCTGTAA	rplL	4178583	4178948	38	rpoB	4179268	4183296	241						-21.70	..(((((((((((....)))))))))))..............	
4188349	4188384	+	Genome	14.59	CAAAACCCACCTTAAGGTGGGTTTCGCCAGAGAATT	yjaZ	4187809	4188348	1	nudC	4194926	4195699	6542						-13.80	..(((((((((....)))))))))............	
4259367	4259406	+	Genome	20.56	AAAAGGACCCAATATTTATTGGGTTCTTTTTTCTCTATCA	yjbM	4258622	4259329	38	dusA	4259737	4260729	331	272	Least Distant	Co-directionality	Start=4259358;End=4259395;Strand=-;% Overlapping=72.5;Bit Score=16.90	73.6842	-14.80	(((((((((((((....)))))))))))))..........	
4268154	4268197	+	Gene	16.43	AGCGGGAGAGCGTGATGCTCTCCCGAATGCTGTTTTTTTAATCA	aphA	4267437	4268150	4	yjbQ	4268261	4268677	64						-18.50	..(((((((((.....)))))))))...................	
4269032	4269068	-	Genome	18.89	TTAAGGCCGCTTTCTGAGCGGCCTTTTCCTTTCAGAG	uvrA	4269072	4271894	4	yjbS	4266832	4267035	2200						-16.30	..((((((((((...))))))))))............	no_overlap join
4272739	4272781	-	Genome	19.47	ACGTAGAAGCCTCCATAACGGAGGCTTCTTTTTTATGGCTGGC	yjcB	4272783	4273064	2	uvrA	4269072	4271894	3667	274	Least Distant	Convergence	Start=4272752;End=4272788;Strand=+;% Overlapping=69.7674;Bit Score=14.26	67.5676	-17.80	....((((((((((.....))))))))))..............	
4279678	4279713	-	Genome	17.61	AAAGGTGCAAAAGATTGCACCTTTTTCAGATTACCT	yjcF	4279806	4281098	93	ryjA	4275950	4276089	3728						-12.20	((((((((((....))))))))))............	
4295195	4295230	-	Genome	16.71	CTACAGCCTCCTTTCGGAGGCTGTTTTTTTATCCAT	fdhF	4295242	4297389	12	yjcO	4294459	4295148	736						-16.70	..(((((((((....)))))))))............	
4333651	4333694	-	Genome	23.17	AAAAGCCAACCTTAAGAACTTAAGGTTGGCTTAATTTTGCTTTG	adiC	4333717	4335054	23	eptA	4331970	4333613	1681	275	Least Distant	Co-directionality	Start=4333663;End=4333704;Strand=+;% Overlapping=72.7273;Bit Score=24.03	76.1905	-18.80	..(((((((((((((....)))))))))))))............	
4354443	4354484	-	Genome	22.00	TACAAGGGAAGTGGCTTGCCACTTCCCTTTTTTGCTCATAAG	cadA	4354493	4356640	9	yjdL	4352977	4354434	1466	276	Least Distant	Co-directionality	Start=4354453;End=4354494;Strand=+;% Overlapping=76.1905;Bit Score=16.99	69.0476	-18.20	...(((((((((((....))))))))))).............	
4424592	4424628	-	Genome	27.24	AAAACGCCGACCAATGGTCGGCGTTTTTACGTCTCGT	yjfZ	4424651	4425445	23	yjfY	4422539	4422814	2053	283	Most Distant	Convergence	Start=4424602;End=4424638;Strand=+;% Overlapping=72.973;Bit Score=27.54	81.0811	-18.50	((((((((((((...))))))))))))..........	no_overlap join
4429310	4429350	+	Gene	15.61	ATGCTGGATGGCGCAATGCCATCCAGCTTTTAGATCACTCA	cycA	4427887	4429299	11	ytfH	4432136	4432516	2786						-20.20	..((((((((((.....))))))))))..............	no_overlap join
4475265	4475318	-	Gene	18.05	ATAAAGATGCCGGGAAATACAAACCATCCCGGCATCACATTATTTTATGCAGTG	argI	4475330	4476334	12	bdcA	4471363	4472076	3902						-18.90	.....((((((((((...........))))))))))..................	no_overlap join
4478957	4478994	+	Genome	20.42	AAAAGGCCGGAGCATGCTCCGGCCTTCGTTTTCATCAC	yjgN	4477753	4478949	8	lptF	4484241	4485341	5247	285	Least Distant	Convergence	Start=4478947;End=4478982;Strand=-;% Overlapping=68.4211;Bit Score=25.93	77.7778	-18.90	..((((((((((....))))))))))............	
4517308	4517353	-	Gene	16.48	AACAACTGCCCCATGTAGATATGGGGCAGGATTTTATTGATTAGCG	yjhU	4517361	4518347	8	fecI	4515737	4516258	1571	287	Least Distant	Convergence	Start=4517320;End=4517363;Strand=+;% Overlapping=73.913;Bit Score=15.88	65.9091	-17.80	.....((((((((((....)))))))))).................	no_overlap join
4517320	4517363	+	Gene	15.88	AAATCCTGCCCCATATCTACATGGGGCAGTTGTTCATTCTTTTA	insB1	4516744	4517247	73	ryjB	4526000	4526089	8637	287	Most Distant	Convergence	Start=4517308;End=4517353;Strand=-;% Overlapping=77.2727;Bit Score=16.48	65.9091	-16.60	.....(((((((((......)))))))))...............	no_overlap join
4534107	4534155	+	Gene	16.28	GTTAAGGCGACTTTCCGTTTTATTGCGAGTCGCCTTTCCTGATTATAAA	yjhR	4532814	4534054	53	fimB	4538980	4539582	4825						-15.70	(..(((((((((...(((......))))))))))))..)..........	
4553371	4553415	-	Gene	16.30	AGAAAGCGCAAGGAACGTTTACCCTTGCGCTTATTATAATAAGTC	yjiC	4553513	4554343	98	gntP	4547976	4549319	5395	288	Most Distant	Convergence	Start=4553381;End=4553425;Strand=+;% Overlapping=77.7778;Bit Score=21.72	57.7778	-16.20	...((((((((((.........)))))))))).............	
4553381	4553425	+	Genome	21.72	AATAAGCGCAAGGGTAAACGTTCCTTGCGCTTTCTTAAATTAAGA	uxuR	4552599	4553372	9	iraD	4555016	4555408	1591	288	Least Distant	Convergence	Start=4553371;End=4553415;Strand=-;% Overlapping=77.7778;Bit Score=16.30	57.7778	-17.60	...(((((((((((.......)))))))))))(((((...)))))	no_overlap join
4574883	4574925	+	Gene	18.85	GAGCCGCTCCCGATGTGGTGTCGGGAGCGGTATTTTCTATAAA	yjiV	4571942	4574878	5	symR	4577858	4577934	2933						-24.00	..((((((((((((.....))))))))))))............	no_overlap join
4591335	4591378	-	Gene	15.05	TTATGCCCGATAACATTTTGCTTATCGGGCATTTTCATGGCGAT	yjjL	4591384	4592745	6	yjiY	4587152	4589302	4183						-16.00	..(((((((((((........)))))))))))............	
4637555	4637592	-	Genome	30.67	AAAAACGGCGCTTTTTAGCGCCGTTTTTATTTTTCAAC	arcA	4637613	4638329	21	rob	4632464	4633333	5091						-18.30	((((((((((((....))))))))))))..........	
