Start	End	Initially Detected Strand	Primary Sequence	Secondary Structure (Dot-Bracket Notation)	Free Energy (kcal/mol)
274	310	+	AAAAAGCCCGCACCTGACAGTGCGGGCTTTTTTTTTCGACCA	(((((((((((((......)))))))))))))..........	-21.00
5042	5084	+	AGGCCGGGTTTGCTTTTATGCAGCCCGGCTTTTTTATGAAGAA	.(((((((((.((......))))))))))).............	-19.50
20755	20790	-	AAAAAGCCCGCGCAAGCGGGTTTTTTTATGCCTGCT	(((((((((((....)))))))))))..........	-15.40
27252	27289	+	AAAATGCCGGTCTTGTTACCGGCATTTTTTATGGAGAA	(((((((((((......)))))))))))..........	-14.70
34088	34125	+	AATACGGTTCTCTGATGAGGACCGTTTTTTTTTGCCCA	...(((((((((....))))))))).............	-13.90
59604	59639	-	ATAAATCCCCGAGTCCGGGGATTTTTTGTTTCTGCC	..(((((((((....)))))))))............	-13.50
65800	65821	-	AAACCAGGCTATACTCAAGCCTGGTTTTTTGATGGATTT	((((((((((.......))))))))))............	-14.40
77560	77600	+	ACCCGCCAGCAGATTATACCTGCTGGTTTTTTTTATTCTCG	....((((((((.......))))))))..............	-13.20
83565	83602	-	AAAAACCCGCGCCATTGCGCGGGTTTTTTTATGCCCGA	((((((((((((....))))))))))))..........	-18.80
87870	87908	+	TACAGCCCAACATGTCACGTTGGGCTTTTTTTGCGAAAT	...((((((((.......)))))))).............	-12.90
107496	107559	+	AAATTCGACTGGCAAATCTGGCACTCTCTCCGGCCAGGTGAACCAGTCGTTTTTTTTTGAATTT	(((..(((((((...(((((((..........)))))))...)))))))..)))..........	-22.90
111001	111038	+	TAAAAGGCGCAGGATTCTGCGCCTTTTTTATAGGTTTA	.(((((((((((....)))))))))))...........	-17.40
127591	127628	+	AAAGAGCCGGCCCAACGGCCGGCTTTTTTCTGGTAATC	((((((((((((....))))))))))))..........	-20.00
129367	129403	+	AAAAAGCGGCTAACCACGCCGCTTTTTTTACGTCTGC	((((((((((.......))))))))))..........	-13.20
134245	134288	+	CAATGCCCGGTGAATGAGATTCCCGGGCATTTTTTTATTTCTAA	.(((((((((.((((...))))))))))))).............	-17.90
176962	177004	+	TTCATGTGCCGGATAAACTATCCGGCACATCTTCTCTCTTCAA	...((((((((((((...)))))))))))).............	-18.90
182314	182357	+	CTCAACCCCTTCCTGAAAACGGGAAGGGGTTCTCCTTACAATCT	...((((((((((((....)))))))))))).............	-20.80
185075	185116	-	GCACACGGGCAGCACGACGCTGCCCGATTTTTTTGCAGGGAT	.....((((((((.....))))))))................	-16.90
188675	188710	-	ATGAAGCCGGCGAATGCCGGCTTTTTTAATGCGATA	..(((((((((....)))))))))............	-16.00
191716	191753	+	AAAGGAGCCGCCTGAGGGCGGCTTCTTTTTGTGCCCAT	((((((((((((....))))))))))))..........	-19.60
193442	193498	+	AAAAACGCCGCTCAGTAGATCCTTGCGGATCGGCTGGCGGCGTTTTGCTTTTTATTC	.((((((((((.((((.(((((....))))).))))))))))))))...........	-30.40
209596	209633	+	AAAAAGGGTCACTTCGGTGGCCCTTTTTTATCGCCACG	((((((((((((....))))))))))))..........	-16.50
217012	217052	-	AGAAAGGGTCCTGAATTTCAGGGCCCTTTTTTTACATGGAT	.(((((((((((((...)))))))))))))...........	-20.00
220043	220080	-	TTCAGGACGGGCGCTTGCCCGTCTTGTCATTTTTACAA	..((((((((((....))))))))))............	-18.40
229011	229052	+	AAGAAGCCTCGAGTTAACGCTCGAGGTTTTTTTTCGTCTGTA	((((((((((((((....))))))))))))))..........	-18.10
232543	232583	-	AAAAAGGCACCGATTCCCCCGGTGCCTTTTTTATTTATGCC	((((((((((((.......))))))))))))..........	-17.50
237033	237075	+	GAGAGCCGCAAGATTTTTAATTTTGCGGTTTTTTTGTATTTGA	(((((((((((((((...)))))))))))))))..........	-16.00
240818	240855	-	AATAACGGAGCCGAAAGGCTCCGTTTCTTTATCCGCTA	...(((((((((....))))))))).............	-16.70
240828	240865	+	AGAAACGGAGCCTTTCGGCTCCGTTATTCATTTACGCG	...(((((((((....))))))))).............	-16.30
254203	254248	-	TGCTGCCGGATGGCGTTTAATCGCCTTCCGGCAGTTTCATCCTTCA	.(((((((((.((((......)))).)))))))))...........	-26.00
256440	256478	+	TTCAACGCCTGGCACTGCCGGGCGTTGTTCTTTTTAACT	..(((((((((((...)))))))))))............	-19.80
302843	302881	+	AAAAATGGCGCAAATACAGCGCCATTTTTATAGGTTAAA	(((((((((((.......)))))))))))..........	-15.00
394297	394345	-	CTGAAGGCAAACGGTTGATAGCGACCAGTTTGCCTTTATTCATTTCGAT	.((((((((((((((((....))))).)))))))))))...........	-20.90
399006	399046	-	AACGCCCGATAATATTCTTATTGGGCGTTTTCAGTTTCTTC	((((((((((((.....))))))))))))............	-15.70
429721	429758	+	AAAATCCCGGTCAGAAGATCGGGATTTTTTTTGATGTA	((((((((((((....))))))))))))..........	-16.00
430309	430347	-	AAAATGCCGGGATTTATTCCCGGCATTTCTGATTGTTAA	.(((((((((((.....)))))))))))...........	-18.80
434782	434842	+	ATCCAGGCCGGTAGATTCACGGAAGACCGTTCCATGATCGCCGGCCTTTTCTTTTTTACCT	....((((((((.(((.((.((((.....)))).)))))))))))))..............	-23.00
445990	446023	-	AAAAAGGTGCTACGGCACCTTTTTTCTTAGCATT	((((((((((....))))))))))..........	-13.50
454067	454100	+	AAAAACGGCCTGCGGGCCGTTTTGTTTTGTCTGG	.(((((((((....)))))))))...........	-15.10
455686	455727	+	AAAGGCCCGTCACCGCCAGGTGGTGGGCTTTTTTTTGTCATG	((((((((((((((....))))))))))))))..........	-20.00
457953	457991	+	AAAAAGGGGGGATTTTATCTCCCCTTTAATTTTTCCTCT	..(((((((((((...)))))))))))............	-15.50
460495	460542	+	ACAGGGCTGGCAGGCTAATTCGGGCTTGCCAGCCTTTTTTTGTCTCGC	..((((((((((((((......))))))))))))))............	-25.90
460983	461002	+	CAAGGGCGCATCTACTGATGTGCCTTTTTTATTTGTAT	.(((((((((((....)))))))))))...........	-16.40
463054	463089	+	GAAAAGGTCGCTTTCGCGGCCTTTTCCATTTCTGAA	(((((((((((....)))))))))))..........	-16.90
473481	473521	-	AATAGCCGGAGGTGAAAACCGTCCGGCTGTTTTTTGCAGTG	(((((((((((((....))).))))))))))..........	-19.50
473487	473525	+	AAACAGCCGGACGGTTTTCACCTCCGGCTATTTTTTTAATTGT	....(((((((.(((....))))))))))..............	-15.50
480428	480463	-	ACTAAGGCCGCGTAAGCGGCCTTTTTTATGCATAAC	...((((((((....)))))))).............	-15.50
496222	496265	+	AATGCCGGATGACCTTCGTGTCATCCGGCATTTTTCTTTTCATC	(((((((((((((......)))))))))))))............	-21.70
542408	542447	-	ATTTTGCCACGGTTTATACCGTGGCTTTTTTTGTAACATT	.....((((((((....))))))))...............	-15.40
602601	602643	+	AACCGCTCTCATCCATTCGATGAGAGCGGTTTTTTTAATTACT	(((((((((((((.....)))))))))))))............	-21.80
640569	640610	+	TTAGCCGCCGGGGTCAAACCTGGCGGCTTTTTTATGGCATTA	..((((((((((......))))))))))..............	-21.80
656733	656769	-	AAAAACCCGCTGATTAAGCGGGTTTTGAATTCTTGCT	.((((((((((.....))))))))))...........	-15.80
656743	656779	+	CAAAACCCGCTTAATCAGCGGGTTTTTTTTGGTCTTT	.((((((((((.....))))))))))...........	-13.90
658405	658442	-	AAAAACCCGCTTTTTGAAGCGGGTTTTTTGTATCGAAC	((((((((((((....))))))))))))..........	-15.40
658415	658452	+	AAAAACCCGCTTCAAAAAGCGGGTTTTTTATCAGACAG	((((((((((((....))))))))))))..........	-15.40
695612	695647	-	AAAAAGCTCGCTTCGGCGAGCTTTTTGCTTTTCTGC	(((((((((((....)))))))))))((......))	-16.00
709341	709357	-	GAAAAGCGAGAGTTACAGCTCTCACTTATTTGTTATTACT	...(((.((((((....)))))).))).............	-10.00
709371	709408	-	GAAAAGCCAACCTGCGGGTTGGCTTTTTTATGCAAGGG	((((((((((((....))))))))))))..........	-18.10
714436	714473	+	AAAAGGGCGGTCGCAAGATCGCCCTTTTTTACGTATGA	((((((((((((....))))))))))))..........	-18.80
728585	728626	+	GAAAACCGCCAGCGGAAACGCTGGCGGTTTTTTGTATCAGGA	((((((((((((((....))))))))))))))..........	-25.10
784104	784143	-	ATAATGGGAGAGCGGAGTCTCTCCCTTTTAATTTTTCACT	.....(((((((......)))))))...............	-11.90
786006	786046	-	AGAAAGCCGACTGCAAGTGAGTCGGCTTTTTTGTTGCTAAC	.(((((((((((.......)))))))))))...........	-16.70
794153	794186	+	AATGCCCGCTTAGTCGGGCATTTTCTTTTTCTCA	((((((((......))))))))............	-11.20
847554	847594	-	AAAAGCGGCTTCCTGACAGGAGGCCGTTTTGTTTTGCAGCC	.(((((((((((((...)))))))))))))...........	-19.20
850205	850242	+	AAAAATCCGCCTCTCGGGGCGGATTTTTGTTTTTAAGG	((((((((((((....))))))))))))..........	-16.40
853993	854029	-	AAAAGGCGGACTCATAATCCGCCTTTTTTATTTGCCA	((((((((((.......))))))))))..........	-13.30
854003	854039	+	AAAAGGCGGATTATGAGTCCGCCTTTTGCTTTAAGTT	((((((((((((...))))))))))))..........	-15.90
877857	877906	+	ACTAAGGGGGAGAAAGCGTCTCCCCCTTCATGTTTAAGTTTTTGTAAAAA	...((((((((((.....))))))))))......................	-17.70
881149	881193	-	TATAACCGGATGACGTTTCGCGCCATCCGGTTATCAGAAGATTAA	.(((((((((((.(((...))).)))))))))))...........	-18.60
881159	881203	+	GATAACCGGATGGCGCGAAACGTCATCCGGTTATACGTCATTAAT	.((((((((((((((.....))))))))))))))...........	-22.50
884121	884163	-	GAATGCCTGATCGCACAAAGCAGTCAGGCATTTTTTTACCCTT	(((((((((((.((.....)).)))))))))))..........	-17.60
889676	889712	-	GACAAGCCCTCGCGTTGAGGGCTTTACTGATTTTTTC	...((((((((.....)))))))).............	-13.40
914529	914567	-	AGAAGGCCTGGCGTAATGTCAGGCCTTTTTTTAAGATGT	.(((((((((((.....)))))))))))...........	-18.50
921518	921556	-	AAAATGCCAGCCCGATCGGCTGGCATTTTTATCTCAAAA	((((((((((((.....))))))))))))..........	-18.50
924787	924830	+	AAGTCCGTAATCTCGAAAGAGGTTACGGACTTTTTGTTTATGGG	((((((((((((((....))))))))))))))............	-21.40
925060	925097	-	AAGAGCTCGTACGAAAGTGCGAGCTTTTTTTTCGCATT	((((((((((((....))))))))))))..........	-17.20
925385	925409	-	TAAAAGGTCGGTTTAACCGGCCTTTTTATTTTGTGAT	.(((((((((((...)))))))))))...........	-14.10
930238	930282	-	AGAAGGCGACACCATGCGACTATGGGTCGCCTTTATTTTTTCCCC	.(((((((((.(((((....))))))))))))))...........	-20.10
939963	939998	+	TAAAAAGCGCCTGCGGGCGCTTTTTTTGTCTCCCTT	.((((((((((....))))))))))...........	-15.40
944124	944161	+	AACAACCGGGGTTTCGGCCCCGGTTCTCTTTTATTTCT	...(((((((((....))))))))).............	-15.90
946248	946299	+	TTCAAGCAGAGTGTGAACTTACTGTTTCACACTCTGCTTTTTTGTTTCTTCT	...(((((((((((((((.....).)))))))))))))).............	-21.90
949512	949553	-	AAAGCGGCAACTTTATTGAGTTGCCGCTTTTTTATTCCGCGC	(((((((((((((....)))))))))))))............	-19.90
950419	950456	-	TAAAGGCTCCACGAAAGTGGGGCCTTTTTTAGCGCGAG	.(((((((((((....)))))))))))...........	-18.50
959355	959397	+	ATCAAAACGTCGGCACATTGTCGGCGTTTTTTTTCGGACCTTG	...((((((((((((...)))))))))))).............	-14.00
963360	963396	+	AGAAAAGCACCTGTCGGGTGCTTTTTTCATTTCTCTA	.(((((((((((...)))))))))))...........	-13.50
985054	985091	-	AAAAAACAGGACTTTGGTCCTGTTTTTTTTATACCTTC	((((((((((((....))))))))))))..........	-14.70
986761	986796	-	CAAGAGCCAGCGCCCGCTGGCTCTTTTTTTATCTTT	.((((((((((....))))))))))...........	-17.80
1014700	1014746	+	TATAACCGTCTCCGGTATGTTGCCTGAGGCGGTTTTTTTGTCTCTAA	...(((((((((.((((...)))).))))))))).............	-17.70
1015122	1015158	+	AGAAACCTCCGCATTGCGGAGGTTTCGCCTTTTGATA	.(((((((((((...)))))))))))...........	-19.30
1018185	1018220	-	AAAAACCCCGCTGCTGCGGGGTTTTTTTTGCCTTTA	(((((((((((....)))))))))))..........	-17.60
1018194	1018231	+	AAAAAACCCCGCAGCAGCGGGGTTTTTCTACCAGACGA	.(((((((((((....)))))))))))...........	-17.60
1027573	1027616	-	AATCCCCGGAAGGTTTTTGCCTTCCGGGGATTTTTTATTTGGCC	((((((((((((((....))))))))))))))............	-26.10
1029925	1029961	-	ATAGCCTCGCTTTATGCGGGGCTTTGTTTTTTGTTAC	..((((((((.....))))))))..............	-14.60
1030800	1030842	-	GATAAGGGGTTAGCTAAATGCTAACCCCTTTTTCTTTTGCCTG	((.(((((((((((.....)))))))))))..)).........	-19.80
1085294	1085318	+	GTGCAGAGCCCGGGCGAACCGGGCTTTGTTTTGGGTGTTTA	..(((((((((((.....)))))))))))............	-21.10
1100029	1100067	-	AAAAAGCCGGAATTATCATCCGGCATTTTACTGTTTAAG	((((.((((((.......)))))).))))..........	-10.80
1106914	1106956	-	ATAACCCGCTTCCAGAAACTGGTGGCGGGTTCTTTTTTGAGAA	...(((((((.((((...)))).)))))))((((....)))).	-19.90
1140349	1140388	-	ATCAAGCCCTGGTAACTGCCAGGGCTTTTTTATTTCATCT	...((((((((((....)))))))))).............	-17.80
1151083	1151110	+	GAACATCTCCAGGCGGTCGTTCGACCGCCTGAGTTTTATCTTTTTGTC	.........(((((((((....))))))))).................	-18.60
1152423	1152460	+	ATAAAAGGTCCGCTTGCGGGCCTTTTTTCTTAGCTTTT	..((((((((((....))))))))))............	-13.30
1158545	1158582	+	ACTAAGGCAGCCAGATGGCTGCCTTTTTTACAGGTGTT	...(((((((((....))))))))).............	-16.50
1180960	1180999	-	AAGCGGGCGGTGGTATTACCGCCCGTTTTTTAGTTAGCAA	((((((((((((....))))))))))))............	-19.80
1195617	1195655	+	ATTAACGGGAGCGTAACGCTCCCGTTGTTTTTTGTTAGG	..(((((((((((...)))))))))))............	-18.10
1196004	1196039	-	GAAGGGGCCGCGCTCGCGGCCTTTTTTACATTCCGC	(((((((((((....)))))))))))..........	-16.70
1221477	1221519	-	ATGTACCGCGTCGATGAATACGACGCGGTTTTTTAGCTAACGG	....(((((((((.......)))))))))..............	-15.80
1223440	1223477	-	TTCAAGGCAGAGTTATCTCTGCCTTGAGTTTTTCATCC	((((((((((((....))))))))))))..........	-19.60
1234887	1234924	-	AAAAAACCCCTCGTTTGAGGGGTTTGCTCTTTAAACGG	...(((((((((....))))))))).............	-14.90
1244215	1244250	+	AAGGCGGATAGCGATACAGATGCCGCTATCCGCTTT	(((((((((((((..........)))))))))))))	-19.90
1255851	1255888	-	TAAAATCCACGCAATTGCGTGGATTTTTCATTTCACCG	.(((((((((((....)))))))))))...........	-15.50
1260104	1260137	-	AAAGACCCGCTGCGGCGGGTTTTTTTGTCTGTAA	((((((((((....))))))))))..........	-15.10
1291612	1291651	+	AAACGGCGTTGAGCAATCGACGCCGTTTTTTTATAGCTTA	((((((((((((....))))))))))))............	-18.00
1291673	1291709	-	TAAAATCCCGCCAGCGGCGGGATTTTTTATTGTCCGG	.(((((((((((...)))))))))))...........	-16.50
1294538	1294579	-	TATAACGGCTTCCACAACAGGGAGCCGTTTTCTTATGCCACT	...((((((((((......)))))))))).............	-16.50
1304788	1304825	-	AAAAGGGCTGACAACTGTCAGCCCTTATTGTTTTTAAA	..((((((((((....))))))))))............	-18.20
1304798	1304835	+	ATAAGGGCTGACAGTTGTCAGCCCTTTTTCACGCTAAA	..((((((((((....))))))))))............	-17.70
1309832	1309867	-	CAAAAGCCTCCGGTCGGAGGCTTTTGACTTTCTGCT	(((((((((((....)))))))))))..........	-18.40
1309842	1309877	+	CAAAAGCCTCCGACCGGAGGCTTTTGACTATTACTC	(((((((((((....)))))))))))..........	-18.40
1312682	1312720	-	ATTGACCCCGTATATTACGGGGTCGTTTTTGTGCGGAAT	...(((((((((...)))))))))...............	-16.00
1314397	1314435	-	ACAGCCGCCAGTTCCGCTGGCGGCATTTTAACTTTCTTT	...(((((((((...)))))))))...............	-18.10
1320999	1321019	-	CCCAGCCCGCCTAATGAGCGGGCTTTTTTTTGAACAA	...((((((((....).))))))).............	-14.00
1328400	1328437	-	AAAACGCGAGGTCTTAGCCTCGCGTTTGTCTTTTACAT	.(((((((((((....)))))))))))...........	-17.70
1331696	1331733	+	ACAAAGGGTCGCGAAAGCGGCCCTTTTTTATTGCATAT	..((((((((((....))))))))))............	-17.10
1341002	1341039	-	AAAGCCACGGATATATCCGTGGCTTTTTATGTTAACCG	(((((((((((....)))))))))))............	-17.10
1344954	1344992	-	ACGGCCCATTCCTCATGGATGGGCCGTTTATTTCCCCGC	(((((((((.((....)))))))))))............	-19.10
1348221	1348261	-	AAAGATGGGCGGCGTTCTGCCGCCCGTTATCTCTGTTATAC	...((((((((((.....)))))))))).............	-19.50
1368038	1368075	+	CATGAGCGGCGCTTATGCGCCGTTTTTTTTTCTGTCAC	...(((((((((....))))))))).............	-15.80
1386282	1386324	-	ATATGCCTGATGGTGTTGCACCATCAGGCATATTCGCGCTTAC	(((((((((((((((...)))))))))))))))..........	-23.90
1386291	1386325	+	ATATGCCTGATGGTGCAACACCATCAGGCATATTAAATTATGC	(((((((((((((((...)))))))))))))))..........	-23.90
1395643	1395678	-	ACAAGGCCCGAGTTATCGGGCCTATTTTTTACTTAC	...((((((((....)))))))).............	-16.30
1433168	1433205	-	TAACGCCCGCACATTGCTGCGGGCTTTTTGATTCATTT	....(((((((......)))))))..............	-14.10
1447061	1447097	+	AAAAAACGGCACCTGGTGCCGTTTTTTTGTCTGAAAC	((((((((((((...))))))))))))..........	-14.30
1463116	1463158	+	ATAAAGCAGAGTTATGTTTAAGCTCTGCTTTATTTATTTGAGT	(((((((((((((.......)))))))))))))..........	-15.60
1473113	1473152	+	ACAAAAGGGAAAGATGCATTTCCCTTTTTTTCTTTTTTAA	..((((((((((......))))))))))............	-11.50
1485011	1485053	+	AAAAACCCGGTAAGCATTTAGCGCCGGGTTTTTTATTAATTCT	(((((((((((..((.....)))))))))))))..........	-16.10
1487692	1487733	-	GCACAGGCGGAGGAAAAAACCTCCGCCTCTTTCACTCATTAA	....(((((((((......)))))))))..............	-18.10
1496907	1496941	+	TAAGCCGCCAGCCAGGCGGCTTTTTTAACAACTGC	.((((((((.....)))))))).............	-14.60
1522471	1522509	+	AATTTGCCCGGCACGTAGCCGGGCAATTTTGCAATTAAC	...(((((((((.....))))))))).............	-18.20
1553781	1553820	-	AAACACCATTGCCTGCGCAATGGTGTTTTTGTTTTTATCT	((((((((((((....))))))))))))............	-16.30
1565468	1565508	-	AACAAGCCGGTGCTTTACCCACCGGCTTGTTACCCTCTTAA	((((((((((((.......))))))))))))..........	-19.80
1566916	1566956	-	ACAAGGGAGCGATAATTCATCGCTCCCTTTTTCGTGCTTGC	..(((((((((((.....)))))))))))............	-18.10
1620788	1620838	+	TAACCGGCCCCTTGTTACAGTTGTGTACAAGGGGCCTGATTTTTATGACGG	.....((((((((((.(((....)))))))))))))...............	-22.60
1664466	1664508	-	TAAACCGGGGAGTAGCTGATACTCCCCGGTCATTTCACATATC	...(((((((((((.....))))))))))).............	-21.50
1670800	1670841	-	AAGACGCTGCCCGCGCTGTCGGGCAGCGTTTGAACATTATTT	.((((((((((((......))))))))))))...........	-22.20
1677411	1677452	+	TATAAGGCGGCTTGATGCCGCCTTTCGCATTTTTAGTCACAA	...((((((((.....))))))))..................	-15.20
1684729	1684749	-	ACAGAGCCGCCCTTCGGGGCGGTTTTTTTACATGGCAC	..((((((((((....))))))))))............	-17.10
1689394	1689435	+	AAAACGCCGGAGAATTTTCACTCCGGCGTTTTCATCTGAAAA	((((((((((((........))))))))))))..........	-19.40
1701249	1701292	-	AAAAATGGATGGTGCATTTGCACCATCCATTTTGTTACTTCGCG	.((((((((((((((....))))))))))))))...........	-22.30
1701260	1701301	+	AAAATGGATGGTGCAAATGCACCATCCATTTTTCATGCAAGG	((((((((((((((....))))))))))))))..........	-21.30
1713918	1713961	-	GGAAAGGGGGAGTGAGAAATCACTCCCCCTGGTTTTTATACAGG	....(((((((((((....)))))))))))..............	-22.70
1742850	1742891	-	TACAGGCGCAACCCGTGAAGGTTGCGCCTTGTCTTTATTAGC	.((((((((((((......))))))))).)))..........	-19.20
1742859	1742902	+	GACAAGGCGCAACCTTCACGGGTTGCGCCTGTATTTTTACGCAG	....(((((((((((....)))))))))))(((....)))....	-20.90
1755162	1755197	+	TCGAAGCGCCCTGATGGGCGCTTTTTTTATTTAATC	..(((((((((....)))))))))............	-16.70
1755689	1755725	-	AAAATGGCGCACAATGTGCGCCATTTTTCACTTCACA	((((((((((((...))))))))))))..........	-16.90
1755699	1755735	+	AAAATGGCGCACATTGTGCGCCATTTTTTTTGTCTGC	((((((((((((...))))))))))))..........	-16.90
1762689	1762737	-	GAAACCCTTAAGCCTGTGTCGCACAGACTTAAGGGTTTTCTTATTTCTG	((((((((((((.(((((...))))).))))))))))))..........	-21.40
1776357	1776413	-	ATCTGGCGGCGCAGTTTGTTAAGAAGCTGCGCCGCCTGCAGATTATTTGTTCTGATA	....(((((((((((((......)))))))))))))..((((........))))...	-30.70
1790238	1790282	-	AAAATGGACGGCGATGATACATCGCCGTCCATTTACTCCTGAATA	.(((((((((((((((...)))))))))))))))...........	-25.10
1793229	1793265	-	TAAAAAGGCCGCTCTGCGGCCTTTTTTCTTTTCACTG	.(((((((((((...)))))))))))...........	-16.10
1797185	1797200	-	TGAAAGCCTCCCAGTGGAGGCTTTTTTTGTATGCGC	.((((((((((....))))))))))...........	-14.90
1797374	1797408	-	AAAGAGGGAGCTAGTCTCCCTCTTTTCGTTTCAAC	((((((((((.....))))))))))..........	-13.90
1808071	1808118	+	AATGACCAGGGGCAGTGATCTCGCTGCCCCTGGTTCTTTATCTGAAAT	...((((((((((((((....)))))))))))))).............	-28.30
1819877	1819912	-	GGAAACCGGCCATTGCGCCGGTTTTTTTTGGCCTGA	.(((((((((......)))))))))...........	-13.60
1823076	1823144	-	AAGACCGCCGGTCTTGTCCACTACCTTGCAGTAATGCGGTGGACAGGATCGGCGGTTTTCTTTTCTCTT	((((((((((((((((((((((.....(((....)))))))))))))))))))))))))..........	-40.40
1842939	1842985	-	AAATATCCAGCGGATCAAGAAAATTCGTTGGATATTTTTTTTGCATG	(((((((((((((((.......)))))))))))))))..........	-16.30
1848728	1848769	+	GAGTGGCCGACAGATCGTCGGCCACATTATTTTTTACGTCGA	..(((((((((.....))))))))).................	-18.60
1861812	1861849	+	AAAAAGAGCGACTTCGGTCGCTCTTTTTTTTACCTGAT	((((((((((((....))))))))))))..........	-16.50
1863683	1863719	-	AAAAACAGGGCGTCACGCCCTGTTTTGCATTACGGTG	.(((((((((((...)))))))))))...........	-16.70
1876982	1877017	-	CAAAGGCTGCACACAGGCAGCCTTTGCTATTTTTTA	((((((((((......))))))))))..........	-16.70
1876992	1877027	+	CAAAGGCTGCCTGTGTGCAGCCTTTGTGCAATTTAA	((((((((((......))))))))))..........	-16.30
1886034	1886068	-	CAGACGCCGGTTAATCCGGCGTTTTTTTTGACGCC	.(((((((((.....)))))))))...........	-14.90
1892481	1892531	+	GGTCAGGACGCTTTTAATCACATATAAAAAGCGTCCTTTTTCTCACAATCA	....(((((((((((...........)))))))))))..............	-14.60
1905168	1905206	-	ATAAAGCCTCGTCGAATGCGAGGCTTTTTACTATGCTTT	..((((((((((.....))))))))))............	-14.30
1909664	1909703	-	AAAAAGCGCGTCCTGATCGACGCGCTTTTTTTATGCCCTG	((((((((((((......))))))))))))..........	-17.20
1921302	1921359	-	AAAAAAACCGCCTCAGTTCTTTCACCAGAACGGGCGGTTTTTAACATTTCAGCTGATG	..(((((((((((..(((((......))))))))))))))))..((((......))))	-20.30
1930095	1930133	-	AAAATGCCCGATCGAGGATCGGGCATTTTTGTAGCGTTT	(((((((((((((...)))))))))))))..........	-18.40
1932744	1932785	-	AGGCCTCGTGCGGATTCACCCACGAGGCTTTTTTTATTACAC	.(((((((((.((.....))))))))))).............	-18.40
1938283	1938323	-	GCAGCCGGTACGCAGTCAGTACCGGCTTTTTTTATTTGGTG	..(((((((((.......)))))))))..............	-16.60
1956458	1956500	-	ACCAGGCCCCTGCAATTTCAACAGGGGCCTTTTTTTATCCCTG	...(((((((((.........))))))))).............	-17.70
1959839	1959880	+	AAGCCTGATCAGGGTTAGCCGATCAGGCTTTTTTATTGCCAT	((((((((((.((.....))))))))))))............	-17.80
1975226	1975265	-	CAGCAGCGGTAACGACGTACCGCTGCTTTTTTTTGCCCCA	.((((((((((......)))))))))).............	-17.30
1980502	1980541	-	CATAGCCAACCGCCATAACGGTTGGCTGTTCTTCGTTGCA	.(((((((((((......)))))))))))...........	-17.90
1985484	1985529	-	AAAACCGCTGCTTCAAACAGATGAGGCAGCGGTTTCTCAAAACCTT	.((((((((((((((......))))))))))))))...........	-23.00
1985860	1985895	-	AAAAAACCTGCTCCGGCAGGTTTTTTTGTGTCCTGA	(((((((((((....)))))))))))..........	-14.50
1994059	1994105	-	AAAAACCGGCTGAAAGGCACGCTATCAGCCGGTTTTATATTACTGAC	.((((((((((((.((.....)).))))))))))))...........	-21.10
1994069	1994115	+	TAAAACCGGCTGATAGCGTGCCTTTCAGCCGGTTTTTGCATCTGGCA	.((((((((((((.((.....)).))))))))))))(((.....)))	-20.40
1997556	1997593	-	AAAAGGGCGCTTTCACTAGCGCCTTTTTTATTTACGCG	(((((((((((......)))))))))))..........	-15.10
2026157	2026199	-	AACATCAGGCCGGATCACATCCGGCCTGGTGTGCTAATGCCTG	.((((((((((((((...))))))))))))))((....))...	-26.00
2033307	2033354	+	ACTAGCCTGAGTTCGTCCCTCATCGAACTCAGGCTTTTTTATTGGCAT	...((((((((((((........)))))))))))).............	-21.50
2040137	2040185	+	AGCTACAGACACGCTCATCACTATGACGTGTCTGTATATTAATAAGCTA	(((((((((((((.((((....))))))))))))).........)))).	-18.10
2042735	2042777	+	AAGCGCCCTCGACCTTTATGGTTGAGGGCGTTTTGCTATGAAC	((((((((((((((.....))))))))))))))..........	-25.10
2055610	2055646	+	AGAAATCTGTCTTTACGGCAGATTTCTTTAATCTCAT	(((((((((((.....)))))))))))..........	-13.30
2055946	2055992	-	TTTACCCGGTTACCTTGTAAAAAAGTGACCGGGTTTTTTGATTTCTG	...((((((((((.((.....)).)))))))))).............	-16.70
2060356	2060393	-	AAAAAGCCTGCTAGAAAGCAGGCTTTTTTGAATTTGGC	((((((((((((....))))))))))))..........	-16.60
2083666	2083709	-	AACCGGAGTCGAATGAACATTTGGCTCCGGTTTTTTTATTCTTT	((((((((((((((....))))))))))))))............	-19.60
2088133	2088175	+	AAGCCCCCGGAAGATCACCTTCCGGGGGCTTTTTTATTGCGCG	(((((((((((((.....)))))))))))))............	-26.10
2095285	2095326	-	AAAAGGGCAGGGTGGTGACACCTTGCCCGTTTTTTTGCCGGA	....((((((((((....))))))))))..............	-20.70
2095294	2095337	+	AAAACGGGCAAGGTGTCACCACCCTGCCCTTTTTCTTTAAAACC	.....(((((.((((....)))).)))))...............	-15.30
2097822	2097860	-	AGGCCCGGCGTATATTGCACCGGGCTTTTTTTTGCCAAA	.(((((((.(((...))).))))))).............	-16.00
2111351	2111420	-	TATAACGGCAGTGAAAATTCGCAGCAAAAGTAATTTGTTGCGAATCTTCCTGCCGTTGTTTTATATAAAC	.((((((((((.(((.((((((((((((.....)))))))))))).)))))))))))))...........	-33.60
2165280	2165317	-	AGGAAGCCCCTCAGTCGAGGGGCTTTTTTGTCGATGTG	.(((((((((((....)))))))))))...........	-18.70
2190460	2190509	-	AGAAAGCCGAAATCATTTATATAAATGATTTCGGCTTTTTTATTGATATC	.(((((((((((((((((....)))))))))))))))))...........	-21.90
2194364	2194401	+	CAAGGCGCTGCATCGACAGCGCCTTTTCTTTATAAATT	.(((((((((......))))))))).............	-15.50
2245030	2245065	-	AAGCCCTCTCAACCGAGAGGGCTTTTTCAATTCCAT	((((((((((....))))))))))............	-17.50
2264060	2264099	+	GAAAAGGGATAGCTCAGGCTGTCCCTTTTTTAATTTATTA	(((((((((((((....)))))))))))))..........	-18.90
2268614	2268649	+	AAAGCACTGCTTAGGCAGTGCTTTTTTGTTTTCATT	((((((((((....))))))))))............	-15.30
2280831	2280866	-	AAAAACCCCGCCGGAGCGGGGTTTTTTACAACTTAT	(((((((((((....)))))))))))..........	-16.50
2280840	2280877	+	AAAAAACCCCGCTCCGGCGGGGTTTTTTGTATCTGCAG	((((((((((((....))))))))))))..........	-19.90
2284321	2284359	+	AAAAAACCAACCCTTACGGTTGGTTTTTTTATATCTGCA	((((((((((((.....))))))))))))..........	-13.50
2303078	2303128	-	GATACGCCACATCCGGCATGGTATGCCGGATGTGGCGTATGCTGATAAGAC	.((((((((((((((((((...))))))))))))))))))...........	-34.00
2309617	2309652	-	AACAAAGGGCCTGCGGGCCCTTTTTTCATTGTTTTC	...((((((((....)))))))).............	-14.50
2325312	2325355	-	AAAACACCCGATAACTTTCGCTATCGGGTGTTTTTATTGATTAA	(((((((((((((........)))))))))))))..........	-17.60
2334727	2334768	-	GAAAAGTCCAGGCTGCAAAGTCTGGGCTTTTGTCGTATTAGG	.(((((((((((((....)))))))))))))...........	-19.00
2347910	2347951	-	CTGCAGGATGGCGTTCATGCGCCATCCTGTCTCATATCAAAT	..((((((((((((....))))))))))))............	-22.50
2354745	2354774	+	CTGATGCCCGGTAAGCATGTGGTTACCGGGCATTTTTGCGTACACG	..((((((((((((.(....).))))))))))))............	-21.90
2388011	2388051	-	AGAAAGCCGCCGACATGCTCGGCGGTTTTTCTGAAAAAGAA	.((((((((((((.....))))))))))))...........	-18.10
2403635	2403684	-	AACGAGCCGCTGGGGGTGTTTTAAACCCCAGCGGCTTTTTTTTAGTAAAA	...((((((((((((..........)))))))))))).............	-26.10
2409409	2409446	-	ATTTAGCCCCGTCTCGTCGGGGCTTTTTTATGGCAGAA	....(((((((......)))))))..............	-14.00
2414951	2414991	+	GAACCGGAAATAATCACTATTTCCGGTTTTTTATTCTCTTA	((((((((((((.....))))))))))))............	-14.40
2438295	2438332	-	CAAAAGGGAACCTGATGGTTCCCTTTTTCACATCATTG	.(((((((((((....)))))))))))...........	-16.80
2454294	2454338	-	ATTATGCCCAATGAGGTAGATTCATTGGGCATAATTGCTCATCAG	(((((((((((((((.....)))))))))))))))..........	-20.60
2458615	2458655	-	ACGCCCCTGTCAGTTGCTGGCAGGGGCGTTTTCTTTTCTCT	(((((((((((((...)))))))))))))............	-24.50
2460687	2460713	+	AAAGTCACCTGCATAGCAGGTGACTTT	((((((((((((...))))))))))))	-17.80
2462224	2462263	-	AAAAAGGTGAGTCGCAAAACTCACCTTTTTTGTTGTTATC	((((((((((((......))))))))))))..........	-14.40
2495023	2495060	-	CAAACAGGAGCCTGATGGCTCCTGTTTTTCATTGCACA	.(((((((((((....)))))))))))...........	-19.30
2506433	2506472	-	TTATATCGGGAGGTAACTCTCCCGATAATCTTTTAAATCA	...((((((((((....)))))))))).............	-14.80
2516020	2516055	-	AACCCTCGCTGCAAAGCGGGGGTTTTTTGTCTCTGC	((((((((((....))))))))))............	-16.70
2517221	2517263	-	ATAAACGGCAGGAGATAATATCCTGCCGTTTTTTATTTATGCT	..(((((((((((.......)))))))))))............	-18.20
2517230	2517274	+	AAAAAACGGCAGGATATTATCTCCTGCCGTTTATCTTTTTACACG	...(((((((((((.......))))))))))).............	-17.80
2519501	2519537	-	AAAAAAGCGCCTTTAGGGCGCTTTTTTACATTGGTGG	((((((((((((...))))))))))))..........	-15.50
2531426	2531461	+	AAAAAGCACCTTTTTAGGTGCTTTTTTGTGGCCTGC	(((((((((((....)))))))))))..........	-13.70
2534370	2534407	-	AAAAATGGCGCCGATGGGCGCCATTTTTCACTGCGGCA	((((((((((((....))))))))))))..........	-19.00
2534380	2534417	+	AAAAATGGCGCCCATCGGCGCCATTTTTTTATGCTTCC	((((((((((((....))))))))))))..........	-17.70
2588727	2588768	-	AAAAAGGCGACACATTGGCATGTCGCCTTTTTTATTGCTTAT	((((((((((((........))))))))))))..........	-15.70
2588738	2588777	+	AAAAGGCGACATGCCAATGTGTCGCCTTTTTCAACTTTCC	((((((((((((......))))))))))))..........	-16.50
2595825	2595846	-	ATACAGGGCTGGAATCATCCGGCCCTTTTTTCTGATATGA	....(((((((((....)))))))))..............	-16.10
2628917	2628956	-	CAAAACCCTCTGTTACTACAGAGGGTTTTTTATCTTCAAG	.((((((((((((....))))))))))))...........	-17.80
2628927	2628966	+	AAAAACCCTCTGTAGTAACAGAGGGTTTTGTTCATTCATA	.((((((((((((....))))))))))))...........	-17.90
2635437	2635474	-	AAAACGGCTCCTGGACAGGGGCCGTTTTCCTGTTTTTA	((((((((((((....))))))))))))..........	-17.30
2651378	2651415	+	AAAAAACCGCCGAATTTGGCGGTTTTTTATTGCTAGTC	((((((((((((....))))))))))))..........	-15.60
2657529	2657573	-	ATAACCCCACCGTGGTCGCCTGCGCGTGGGGTTTGTTTTACCTGA	..(((((((((((((....))))).))))))))............	-18.90
2671792	2671843	+	AAAGATGCCGGATGCGGCGTGAACGCCTTATCCGGCATTTAATAAATTACAG	..((((((((((((.((((....)))).))))))))))))............	-26.10
2698564	2698620	-	AAAAAGTAAAACCCCCGAACTGGTAAGGAACGGGGGTTTTACTTTTTAACTTTAATT	(((((((((((((((((..((....))...)))))))))))))))))..........	-26.50
2702299	2702347	-	TCGTTCACGTTGTCGCCGTTATGGCGACAACGTGAATTATTTATGAGAT	..(((((((((((((((.....)))))))))))))))............	-26.20
2714027	2714070	-	ACTAAGCGGAAGAGGGCGACCTCTTCCGCTTTTTTTCGTTAATA	...((((((((((((....)))))))))))).............	-22.20
2714037	2714080	+	AAAAAGCGGAAGAGGTCGCCCTCTTCCGCTTAGTAACTTGCTAC	...((((((((((((....)))))))))))).............	-21.20
2724043	2724080	-	GAAAGGCCATCCTGACGGATGGCCTTTTTGCATTGGCG	((((((((((((....)))))))))))).((....)).	-20.20
2729580	2729617	-	TAAAACGAGCCCTTCGGGGCTCGTTTTTGTCTATAAGT	.(((((((((((....)))))))))))...........	-18.10
2734920	2734961	+	ACAAAACGGCAGCCCTTGAGCTGCCGTTTTTTTATTCTGTCA	..(((((((((((......)))))))))))............	-17.30
2736922	2736965	-	CCAGTGCCGGATGATTCACATCATCCGGCACCTTTTCATCAGGT	...((((((((((((....)))))))))))).............	-21.30
2742138	2742179	-	AAGAAGGGCTGGCCAATTGGCTGGCCCTTTTTTATCTGTTTG	((((((((((((((....))))))))))))))..........	-21.90
2751985	2752021	-	AAAAAGGTGCTCATTGAGCACCTTTTTTAACGTCTTT	((((((((((((...))))))))))))..........	-15.40
2751995	2752031	+	AAAAAGGTGCTCAATGAGCACCTTTTTTCTGTCTGTT	((((((((((((...))))))))))))..........	-15.40
2754021	2754064	+	AAGAGCCCGCACGGCGCAAGCCCTGCGGGCTTTTTTGTGCCCTC	(((((((((((.(((....))).)))))))))))..........	-24.60
2776123	2776158	-	AAAAAGCCCACATCTGTGGGCTTTCATGTTACCAGG	..(((((((((....)))))))))............	-14.30
2798525	2798563	+	TTGACCCCGAAGCCTGTCTTCGGGGTTTCTTTTTGCCTG	..((((((((((.....))))))))))............	-16.00
2812173	2812210	-	AAAAGCCAGTTCAAATGAACTGGCTTAGTTGTACTTAG	..((((((((((....))))))))))............	-15.80
2812182	2812221	+	ACTAAGCCAGTTCATTTGAACTGGCTTTTTTCAATTAATT	...((((((((((....)))))))))).............	-15.30
2820677	2820714	-	CACAAGGGTCGCATCTGCGGCCCTTTTGCTTTTTTAAG	((.(((((((((....))))))))).))..........	-15.90
2864486	2864523	-	AAAAGGTCCGATGCCCATCGGACCTTTTTATTAAGGTC	((((((((((((....))))))))))))..........	-16.20
2885540	2885583	-	TAAACGCCTCTGTCAGAAATGATGGGGGCGTTTTTATTTTGCGA	.((((((((((((((....))))))))))))))...........	-20.00
2904607	2904644	-	AAAATGCCAGCCTCCGGGCTGGCATTTTTTATGGTTGA	((((((((((((....))))))))))))..........	-20.40
2943004	2943055	-	AATCAGGTCGGATGAGACGCGAACGTCTTATCCGACCCGGTTCTGTGCTTAA	((((.((((((((((((((....)))))))))))))).))))..........	-26.90
2945712	2945743	+	GAACACCCTAACGGGTGTTTTTTTGTTTCTGG	((((((((....))))))))............	-10.70
2945744	2945777	-	AAAAAGGCGCTGAATGGCGCTTTTTTATGGGAGA	(((((((((((....)))))))))))........	-12.50
2962326	2962365	-	AGAGCCGACGCCAGTGTGCGTCGGTTTTTTTACCCTCCGT	.((((((((((......)))))))))).............	-16.10
2978740	2978782	-	CACGGGCCGGATGTGCTGTACATCCGGCCCTTTTTTCGTTAAT	...((((((((((((...)))))))))))).............	-23.30
3031626	3031663	-	CACAACCCCGGCAAATGTCGGGGTTTTTTTATTTAAGC	...(((((((((....))))))))).............	-15.40
3049055	3049098	-	TTTCATCTCCCGGTTTTTTCGCCGGGAGATTTTCCTCATTTGAA	....((((((((((......))))))))))..............	-17.60
3077616	3077651	-	AAAAAGGTCGCTTCGGCGACCTTTTTTATTACCTTG	(((((((((((....)))))))))))..........	-15.30
3085901	3085937	+	CAAAGGCCAGCCTCGCGCTGGCCTTTTTCTTTTGGAT	.((((((((((.....))))))))))...........	-17.00
3104993	3105034	-	AAAAACGGGTCACCTTCTGGCGACCCGTTTTTCTTTGCGTAA	(((((((((((.((....)).)))))))))))..........	-19.20
3105002	3105045	+	GAAAAACGGGTCGCCAGAAGGTGACCCGTTTTTTTTATTCTTAC	(((((((((((((((....)))))))))))))))..........	-23.40
3117568	3117614	-	ATAAAGCCGGATGATCGTTAATATCATCCGGCTTCATTTACATTATT	...((((((((((((.......)))))))))))).............	-18.70
3148570	3148614	+	AAAATGCCCGGTTGTGAAAAGCAACCGGGCATCATTGTGAATTCA	...((((((((((((.....)))))))))))).............	-22.00
3156900	3156947	-	AAATATCCCCGGCAACTGACACGCTACCGGGGATTTTTTTATCATTCT	....((((((((..............))))))))..............	-13.30
3165832	3165866	-	GAAAAGCGGGGGCAACTCGCTTTTTTCTTTACCGG	((((((((((.....))))))))))..........	-11.90
3179608	3179649	+	CGATACCGGATGGCACTCGCCATCCGGTAATTGTTAGCCTAT	((((((((((((((....)))))))))).)))).........	-21.30
3181762	3181805	-	AAGAAACCGAAGTTGTAGCAGGCTTCGGTTTTTATTTTTCCCTG	.(((((((((((((......)))))))))))))...........	-16.00
3189724	3189761	-	ATATAACGGGCCTGATGGCCCGTTTTAGTGTTTGTATT	.((.((((((((....)))))))).))...........	-15.40
3212965	3212984	+	ACAAACGCCACCTTTTCGGTGGCGTTTTTTATCGCCCAC	..((((((((((.....))))))))))............	-16.50
3218900	3218944	+	AAATCGGATGGCGATACGACGTCGCCATCCGATCTTTTTATACGA	..(((((((((((((.....)))))))))))))............	-22.50
3239217	3239257	+	AACCCCTTTCGTCTACGGCGGAAGGGGTTTTCTCAACTTTA	(((((((((((((...)))))))))))))............	-19.40
3268210	3268223	-	AAAAACCCGCTTCGGCGGGTTTTTGCTTTTGGAG	((((((((((....))))))))))..........	-14.70
3274897	3274934	+	CAAAACATGGCCTTAGTGCCATGTTTTTATTGTTTAAA	.((((((((((......))))))))))...........	-12.40
3303912	3303954	-	ATACAGCCCCGATTTTTACCATCGGGGCTTTTTTTCTGTCTTT	....(((((((((.......)))))))))..............	-15.50
3309384	3309420	-	AAAAGGGGGCCTGAGTGGCCCCTTTTTTCAAGCTGAC	(((((((((((.....)))))))))))..........	-18.00
3320049	3320084	-	AAAGAGACGCTGAAAAGCGTCTTTTTTCGTTTTGGT	(((((((((((....)))))))))))..........	-13.80
3322953	3322992	-	GAAAACCCCGGGGCGTGCTCCGGGGTTTTTTCTTATCAAT	(((((((((((((....)))))))))))))..........	-20.50
3326192	3326228	+	ATAAAAGGCCGCATAGCGGCCTTTTTCCTTTCTTTAC	..((((((((((...))))))))))............	-15.20
3330819	3330858	-	AAAGCCCCGCAACACGTTGCGGGGCTTTTTACATTCGATA	((((((((((((....))))))))))))............	-20.10
3374262	3374298	-	CAAAACAGGCCCAGGCGGCCTGTTTTGTCTTTTTAAT	(((((((((((.....)))))))))))..........	-17.20
3375769	3375804	-	AAAAAACCCGCTTCGGCGGGTTTTTTTATAGCTAAA	(((((((((((....)))))))))))..........	-15.00
3381297	3381334	-	AAAAACCGGAGCACAGACTCCGGTTTTTTGTTTTGAGC	(((((((((((......)))))))))))..........	-14.60
3381307	3381344	+	AAAAACCGGAGTCTGTGCTCCGGTTTTTTATTATCCGC	((((((((((((....))))))))))))..........	-15.80
3405303	3405339	+	CAAAAGGCCGGATTTTCCGGCCTTTTTTATTACTGGG	.(((((((((((...)))))))))))...........	-17.10
3408025	3408083	+	AAGGCACGTAAATTTGCCGATTATTTACGCAAATTTGCGTGCCAAAATTTTCATTCATA	..(((((((((((((((...........)))))))))))))))................	-23.10
3409615	3409658	+	AAAAGGCGCTACTCGGCATGGGGAAGCGCCTTTTTTATAGGTGT	((((((((((.(((......))).))))))))))..........	-18.40
3416165	3416199	+	ATAAAGGCGCTTTCGGGTGCCTTTATTATTTCCAGT	(((((((((((....)))))))))))..........	-13.20
3421239	3421276	+	AAAAGGCCATCCTTTCGGATGGCCTTTCGCTTGATTTG	.(((((((((((....)))))))))))...........	-18.80
3421394	3421435	-	CAAAAGGCTCAGTCGGAAGACTGGGCCTTTTGTTTTATCTGT	((((((((((((((....))))))))))))))..........	-23.30
3437588	3437623	-	AAAAAACCCGCCCCGGCGGGTTTTTTTATACCCGTA	(((((((((((....)))))))))))..........	-14.10
3446275	3446312	-	ATAAACGGCTCAGAAATGAGCCGTTTATTTTTTCTACC	((((((((((((....))))))))))))..........	-17.30
3468107	3468142	-	GAAAAGGGCGCTTCGGCGCCCTTTTTGCATTTGTTG	(((((((((((....)))))))))))..........	-18.40
3474582	3474623	-	AAGAACCGCCGCCTGACCAGGCGGCGGTTTTTTTATTACAGG	((((((((((((((....))))))))))))))..........	-23.80
3475877	3475913	-	AAAAAAGCGGGGAATCCCCGCTTTTTTTACGCCTCAA	((((((((((((...))))))))))))..........	-16.50
3484782	3484824	+	GGAGTGGCGCGTTACCTGGTAGCGCGCCATTTTGTTTCCCCCG	(((((((((((((((...)))))))))))))))..........	-22.20
3502818	3502870	+	TAAGATGCGCCAGCATCGCATCCGGCGATGCTGGCGCGTTGAATTTTACATCC	...((((((((((((((((.....)))))))))))))))).............	-31.30
3532496	3532537	-	ATAAACGGGAGGCGAAGGTGCCTCCCGTTTTGCTTTCTATAA	..(((((((((((......)))))))))))............	-20.30
3532506	3532547	+	CAAAACGGGAGGCACCTTCGCCTCCCGTTTATTTACCCTTCT	..(((((((((((......)))))))))))............	-20.80
3537824	3537862	+	AAAGTGCCGGAGAATATCTCCGGCATTTTTATTCCACAG	(((((((((((((...)))))))))))))..........	-18.90
3541009	3541051	+	GAAAGCCCGGTATGCGTCTGCATCCGGGCTTTTTTGCGTGCGG	((((((((((.((((....))))))))))))))..........	-21.60
3562106	3562143	-	TAGAACGGGGCCAAAGGGTCCCGTTTTTTTCCGCCATC	.(((((((((((....)))))))))))...........	-17.10
3583030	3583081	-	AAGAGGGCTATTTTGTCAGGGCAAGCCGAAGGTAGCCTTTTTTATTTCGTAA	(((((((((((((..((.((.....)))))))))))))))))..........	-14.70
3585450	3585499	+	CACACCCCAGCGCAGCAACTCTGCTGCGCGCTGGGGTTTATTGACGGTAT	...((((((((((((((....))))))..)))))))).............	-25.00
3597897	3597934	-	AGAACCCTGGATGAGAGTCCGGGGTTTTTGTTTTTTGG	.(((((((((((....)))))))))))...........	-17.10
3608548	3608595	+	TGAGGCGGCCTCAGGGACGTGTTCCGGAGGCCGTTTTTTTAATCGCCA	.(((((((((((.((((....)))).)))))))))))...........	-21.90
3638590	3638627	+	CTGAACGCCCGCATATGCGGGCGTTTTGCTTTTTGGCG	..((((((((((....)))))))))).(((....))).	-20.80
3640356	3640399	-	TAAAACAGGGTAGCGATAACGCTACCCTGCTTTCTGCAAGAATA	.....((((((((((....))))))))))...............	-18.80
3640369	3640406	+	AGCAGGGTAGCGTTATCGCTACCCTGTTTTAGTTTTAC	.(((((((((((....)))))))))))...........	-20.90
3645669	3645713	-	TTAAGGGCTAAGAGCACACTACTCTTAGCCCTTTAACATTTAACG	..((((((((((((.......))))))))))))............	-19.00
3653926	3653976	-	AAAAAGGAGTAGCAAGTTGAGCCATCTTGCTGCTCCTTTTTGCATTTTTAT	((((((((((((((((.((...)).))))))))))))))))..........	-23.70
3664130	3664188	-	AAAAACCGAATGCCCAGCCTTTAAAAAAACAGCTGGGCATTCGGTTGCTTATTAATCGC	...(((((((((((((((.............))))))))))))))).............	-27.70
3680130	3680173	-	TATGCCCGCACTCCCTTCCCCGAGTGCGGGTGTTTGCGCATAAT	.((((((((((((........))))))))))))...........	-20.40
3715236	3715279	+	TCATGCCAGGTGATGCAGAAATCACCTGGCATTCTTCAGTTTTC	..((((((((((((......))))))))))))............	-21.40
3718308	3718347	+	TAAGATCCCTGCCATTTGGCGGGGATTTTTTTATTTGTTT	.((((((((((((....))))))))))))...........	-19.00
3720300	3720337	-	AAATAGCCTGCCATCTGGCAGGCTTTTTTTATCGCTAA	....((((((((....))))))))..............	-15.60
3775149	3775190	+	AAGGGCAATTCTCTGATGAGGATTGCCCTTTTCTTTACCAGA	(((((((((((((....)))))))))))))............	-20.50
3790765	3790804	-	GGAAAAATGATGCTTTGGCATCATTTTTTCTTTTTATATC	(((((((((((((....)))))))))))))..........	-16.10
3796242	3796283	+	TTTAAGAAGTGAGTTAAAACTCACTTCTTATCTATACAACTT	..((((((((((((....))))))))))))............	-15.60
3809218	3809253	-	AAAAACCTCGCTCCGGCGGGGTTTTTTGTTATCTGC	(((((((((((....)))))))))))..........	-15.40
3813830	3813851	-	TAAGGCGACTGATGAGTCGCCTTTTTTTTGTCTGTA	.(((((((((....))))))))).............	-14.70
3848764	3848806	-	ACATCGCGCTTATCGTTAAGGTAAGCGCGTATTTTTTTTACCC	....((((((((((.....))))))))))..............	-16.10
3850858	3851005	-	AAAACCCCGCCGGCGCAAACCGGGCGGGGTTTTTCGTTTAAGC	(((((((((((((......)).)))))))))))..........	-21.10
3851685	3851722	+	AAAGGGGAGCGGGAAACCGCTCCCCTTTTATATTTAGC	((((((((((((....))))))))))))..........	-23.90
3884766	3884803	+	ATAAGGGCGGTCAGTTGACCGCCTTTTTTCTTTTCGTA	..((((((((((....))))))))))............	-16.50
3886225	3886268	+	CGAAGCCGCATTCTGACTGTCAGATGCGGCTTCGCTTCATTGTT	(((((((((((.((((...)))))))))))))))..........	-23.20
3889514	3889550	+	AAGAAGCCAGCCATTCGCTGGCTTCTTGCCTCTCAGG	(((((((((((.....)))))))))))..........	-18.30
3893235	3893279	-	AAAAACCCGCCATGCATGATTGCTGGCGGGTTTTTTATTTAGATC	((((((((((((.(((....)))))))))))))))..........	-22.60
3903659	3903710	-	CAAAACCTGAAAAAAATTGCTTGATTCACGTCAGGCCGTTTTTTTCAGGTTTTTTTTTGGAGTT	.((((((((((((((((.(((((((....))))))).))))))))))))))))...........	-27.00
3904826	3904866	-	CAAATCCCAATAACTTAATTATTGGGATTTGTTATATATAA	(((((((((((((.....)))))))))))))..........	-15.30
3909833	3909853	-	GATGCCCTGCGTAAGCGGGGCATTTTTCTTCCTGTT	((((((((((....))))))))))............	-17.70
3913517	3913558	-	CAAAAGCCAGTCTGGAAACAGGCTGGCTTTTTTTTGCGCGTG	.(((((((((((((....)))))))))))))...........	-20.90
3920940	3920997	-	TTAACGCCACGTTCACTCTTTTGCATCAACAAGATAACGTGGCTTTTTTTGGTAAGCA	.....((((((((...(((((((...))).)))).))))))))...............	-14.30
3945059	3945096	+	ATCATCCTTAGCGAAAGCTAAGGATTTTTTTTATCTGA	...(((((((((....))))))))).............	-13.40
3946449	3946481	+	AAAAAGGGCGAAATGCCCTTTTTTTATGTCAGT	(((((((((.....)))))))))..........	-11.10
3957515	3957551	-	CAAGGCCTTCTCCAGGAGAAGGCCTTGAGTGTTTTCT	((((((((((((...))))))))))))..........	-20.70
3965715	3965752	+	AAAACGCCACGTGTTTACGTGGCGTTTTGCTTTTATAT	((((((((((((....))))))))))))..........	-17.80
3984607	3984659	-	AAAAACGCCTGCTCTTATTACGGAGCAGGCGTTAAAACAGGTCTGTATGACAA	...((((((((((((......)))))))))))).......(((.....)))..	-24.00
4003838	4003859	+	GCAGGCGCTGAAAATAGCGCCTGTTTTTATTTCAGG	((((((((((....))))))))))............	-16.10
4013331	4013371	-	AAAGACCGGGTGGTATTACCACCCGGTTTGGATTTTACCCC	..((((((((((((...))))))))))))............	-20.90
4015233	4015265	+	AAGGCCGACGCGTTCGGCCTTTTGTATTTTTGC	((((((((.....))))))))............	-11.90
4038664	4038715	+	TAAAACGAAAGGCTCAGTCGGAAGACTGGGCCTTTCGTTTTATCTGTTGTTT	(((((((((((((((((((....)))))))))))))))))))..........	-30.80
4038828	4038865	-	AAAAGGCCATCCGTCAGGATGGCCTTCTGCTTAATTTG	..((((((((((....))))))))))............	-18.80
4042083	4042122	+	ATAAAGCCCGTGAATATTCACGGGCTTTTTTTATTATTTA	..(((((((((((....)))))))))))............	-17.90
4051573	4051613	-	GCGCCGCATCAGGCATCATGCTCAGATGCCTGATGCGGCGT	(((((((((((((((((.......)))))))))))))))))	-34.50
4058272	4058309	+	AAAAACCTGCCAGCGATGGCAGGTTTTTTTTTGCCTGT	((((((((((((....))))))))))))..........	-17.30
4084877	4084925	+	AATAAGTCCTGCGAAATATATTAAATTGCAGGACTTATTCATTTCGTGA	((((((((((((((...........))))))))))))))..........	-17.80
4099505	4099545	+	AATGAACCATCGCCAACGGCGGTGGTTTTTTTGTGATCAAT	...(((((((((((...))))))))))).............	-15.00
4100716	4100757	+	ACAGCCGGATGAACTAACGTTCGTCCGGTTTGCTATTGAGTT	..((((((((((((....))))))))))))............	-18.70
4107866	4107906	+	AAACCCGGTGGTTTCTCGCGACCGGGTTTTTTATTTGTCAC	(((((((((.((.....)).)))))))))............	-16.40
4108716	4108758	-	GACAGGTGCCGGATTTCATATCCGGCACTTACTTTCCTTAACT	...(((((((((((.....))))))))))).............	-18.40
4112535	4112576	-	GAGCCTTCCAGTCCTTCGGGACTGGAATTTTTTTGTTCGGAG	((((.(((((((((....))))))))).......))))....	-16.20
4116830	4116865	-	AGAAAGGCACCGCAAGGTGCCTTTTTTCTGCGTTAC	.((((((((((....))))))))))...........	-16.40
4116840	4116875	+	AAAAAGGCACCTTGCGGTGCCTTTCTTATCATTCAA	..(((((((((....)))))))))............	-14.20
4125253	4125286	-	AAAAAGCGCCGTGCGGCGCTTTTTTCGGAAATCC	((((((((((....))))))))))..........	-13.70
4125262	4125297	+	AAAAAAGCGCCGCACGGCGCTTTTTTTGTGCCTGAA	(((((((((((....)))))))))))..........	-14.60
4134042	4134095	+	GACCCCGTTCAGCGGCTGCTTGCTGGCAGTCGCTGAACGTTCTTTACCAGCGTA	.....(((((((((((((((....)))))))))))))))...............	-27.90
4169784	4169835	+	TAAAACGAAAGGCTCAGTCGAAAGACTGGGCCTTTCGTTTTATCTGTTGTTT	(((((((((((((((((((....)))))))))))))))))))..........	-30.80
4175181	4175218	+	TAAAAGGGCATCATTTGATGCCCTTTTTGCACGCTTTC	.(((((((((((....)))))))))))...........	-16.30
4176348	4176392	+	CAAGGCGTGAGATTGGAATACAATTTCGCGCCTTTTGTTTTTATG	.((((((((((((((.....))))))))))))))...........	-21.30
4187617	4187652	+	TAAAAACCCGCTTCGGCGGGTTTTTTTATGGGGGGA	.((((((((((....))))))))))...........	-14.50
4188351	4188372	+	CAAAACCCACCTTAAGGTGGGTTTCGCCAGAGAATT	..(((((((((....)))))))))............	-13.80
4211191	4211231	+	AAAAACCCCGGTCCATAAGGCCGGGGTTTTTTGCATATCAA	(((((((((((((.....)))))))))))))..........	-20.30
4213275	4213308	+	TCAGGCACCTTCGGGTGCCTTTTTTATTTCCGAA	..(((((((....)))))))..............	-12.80
4225565	4225601	+	AACAGGGCGCTCAATGAGTGCCCTGTCTCTTTATTAA	.(((((((((((...)))))))))))...........	-19.60
4240547	4240582	-	ATTCGGCGCTCCACGGAGCGCCTTTTTTTCTTTCGT	....(((((((....)))))))..............	-14.70
4248525	4248564	+	CAACTGGTGCGTCTCCTGGCGCACCTTTTTTTATGCTTCC	.....((((((((....))))))))...............	-15.10
4251919	4251956	+	AAAAAGCCGGATGATCATCCGGCTTTCTTCTGGGTTGC	..((((((((((....))))))))))............	-14.70
4260756	4260797	+	ACCACGCCCTGCGCACCGTCGCGGGGCGTTTTGCTGTTAAAT	...((((((((((......)))))))))).............	-19.10
4261227	4261267	-	AAATAGGGCTTCCACCTGGGAAGCCCTTTCTTTTTATAGTT	....(((((((((.....)))))))))..............	-16.50
4272752	4272788	+	AAGAAGCCTCCGTTATGGAGGCTTCTACGTATCAGGT	.((((((((((.....))))))))))...........	-18.30
4275949	4275991	+	AAAACTAAAGCGCCACAAGGGCGCTTTAGTTTGTTTTCCGGTC	.(((((((((((((.....)))))))))))))...........	-20.10
4277868	4277907	+	GAAAACGGGTGGCAATGGCTGCCCGTTTTTATTTTCTCCG	(((((((((((((....)))))))))))))..........	-18.90
4351175	4351233	+	ACGATGAACGAAGCAGTCGCCTGACTGCTTCGTTCATTAAAGTGAAATTTATTTCTGTG	..((((((((((((((((....)))))))))))))))).....................	-26.20
4360527	4360566	-	ATAAACGGACCTCCACGGAGGTCCGTTTTTCGTTTCAGGA	..(((((((((((....)))))))))))............	-18.40
4364853	4364892	-	AAAAAGGCACGTCAGATGACGTGCCTTTTTTCTTGTGAGC	(((((((((((((....)))))))))))))..........	-19.20
4367167	4367219	+	CGAAACGCCGGATTATGTGGTTATGCCATTTTCCGGCGTTTTTCGTTTTGGCA	.(((((((((((....(((((...)))))..)))))))))))...........	-22.60
4370719	4370762	+	ACAAACCCCCGGGCAGAAATGTCTGGGGGTTTTTCTTTTGGTCA	..(((((((((((((....)))))))))))))............	-22.50
4374726	4374767	+	ATAACGGTACGACAGCTGTGTCGTGCCGTTTGTTTTTTCTGC	..((((((((((((....))))))))))))............	-19.10
4376976	4377016	-	TAAATCCGGCCCGCCTATGGCGGGCCGTTTTGTATGGAAAC	......(((((((((...)))))))))..............	-20.40
4402355	4402397	+	AGCCACCGCATCCTCAGGGATGTCGGTGGTTTTCTTTTTCTAT	.((((((((((((....))))).))))))).............	-20.80
4408045	4408082	+	AAAAGCCATCCAGATTTGGATGGTTTTTTTTTGTCTAT	((((((((((((....))))))))))))..........	-14.60
4422467	4422502	-	CTTTGCCCCCTTCGCAGGGGGCTTTTTTTTGAAAAA	....(((((((....)))))))..............	-14.40
4424602	4424638	+	AAAACGCCGACCATTGGTCGGCGTTTTGCTTTCTATT	((((((((((((...))))))))))))..........	-19.10
4437845	4437881	-	CAACGGCTCCTGAATCAGGAGCCGTCTTATTACTGCA	..((((((((((...))))))))))............	-18.10
4452591	4452628	-	TGCGCCTCTCCACACGGAGAGGCGTTTTTATTGCTGCG	.((((((((((....)))))))))).............	-19.80
4468951	4468994	-	AAAAGTCTGGCTCCCTATAATGAGCCAGACTTTTTACCGCTGTA	(((((((((((((........)))))))))))))..........	-19.70
4478947	4478982	-	AAGGCCGGAGCATGCTCCGGCCTTTTTTATCTCTTA	((((((((((....))))))))))............	-18.30
4486436	4486471	+	ATAAAGGGAGCGAAAGCTCCCTTTATTATTGTTAGC	(((((((((((....)))))))))))..........	-17.10
4504427	4504477	+	AAAAACTATACGCCTCTTGATTTAATTCAGGAGGCCTTTTATGTATGATCA	......((((((((((((((......))))))))).......)))))....	-15.70
4552407	4552452	+	TACTGGTCAATCAAACTGATATTTGGTTGACCAGTTTTCGTTTTTT	.((((((((((((((......))))))))))))))...........	-18.80
4610341	4610377	+	AAAGCCAGTCCAGCGGACTGGCTTTTGCGGTTTTAGC	(((((((((((...)))))))))))............	-16.90
4619657	4619696	+	AAGCCGGAGCGGGAGACTGCTCCGGCTTTTTAGTATCTAT	((((((((((((....))))))))))))............	-23.30
