Start	End	Strand	RNIE Mode	Bit Score	IT Seq	UpGene Name	UpGene Start	UpGene End	Dist. upSTOPcodon-ITfunctionalStart	DwGene Name	DwGene Start	DwGene End	Dist. ITfunctionalEnd-dwSTARTcodon
274	310	+	Regulon DB	.	AAAAAAGCCCGCACCTGACAGTGCGGGCTTTTTTTTT	thrL	190	255	19	thrA	337	2799	27
9199	9226	+	Regulon DB	.	TAGCGTGACCGGGAAGTCGGTCACGCTA	talB	8238	9191	8	mog	9306	9893	80
20771	20784	-	Regulon DB	.	CCCGCGCAAGCGGG	rpsT	20815	21078	31	insA	20233	20508	538
27252	27279	+	Regulon DB	.	AAAATGCCGGTCTTGTTACCGGCATTTT	ispH	26277	27227	25	rihC	27293	28207	14
29248	29272	+	Regulon DB	.	AAAGGGCTTTAATTTTTGGCCCTTT	dapB	28374	29195	53	carA	29651	30799	379
65800	65821	-	Regulon DB	.	CCAGGCTATACTCAAGCCTGGT	araD	65855	66550	34	polB	63429	65780	2371
83574	83603	-	Regulon DB	.	AAAAAACCCGCGCCATTGCGCGGGTTTTTT	leuL	83622	83708	19	leuA	81958	83529	1616
107501	107544	+	Regulon DB	.	CGACTGGCAAATCTGGCACTCTCTCCGGCCAGGTGAACCAGTCG	lpxC	106557	107474	27	secM	107705	108217	161
120144	120168	-	Regulon DB	.	GCCCTCACCCGTACAGGGTGAGGGC	aroP	120178	121551	10	nadC	117752	118645	2392
127590	127619	+	Regulon DB	.	AAAAGAGCCGGCCCAACGGCCGGCTTTTTT	aceF	125695	127587	3	lpd	127912	129336	293
129366	129394	+	Regulon DB	.	AAAAAAGCGGCTAACCACGCCGCTTTTTT	lpd	127912	129336	30	acnB	131615	134212	2221
134249	134272	+	Regulon DB	.	GCCCGGTGAATGAGATTCCCGGGC	acnB	131615	134212	37	yacL	134388	134750	116
134756	134783	-	Regulon DB	.	TCTGGCGGAGCTCCCAGGCTCCGCCAGA	speD	134788	135582	5	yacH	129407	131260	5349
138801	138816	-	Regulon DB	.	ACAACGTGCGCGTTGT	gcd	138835	141225	19	yacC	136570	136917	2231
185090	185111	-	Regulon DB	.	CGGGCAGCACGACGCTGCCCGA	dapD	185123	185947	12	yaeI	184257	185069	833
191721	191738	+	Regulon DB	.	AGCCGCCTGAGGGCGGCT	tsf	190857	191708	13	pyrH	191855	192580	117
193442	193498	+	Regulon DB	.	CAAAAACGCCGCTCAGTAGATCCTTGCGGATCGGCTGGCGGCGTTTTGCTTTTTATT	frr	192872	193429	13	dxr	193521	194717	23
217020	217051	-	Regulon DB	.	GAAAGGGTCCTGAATTTCAGGGCCCTTTTTTT	proS	217057	218775	6	yaeF	216179	217003	841
256442	256474	+	Regulon DB	.	CAACGCCTGGCACTGCCGGGCGTTGTTCTTTTT	gpt	255977	256435	7	frsA	256527	257771	53
359477	359502	+	Regulon DB	.	AGTGCGCTGCTGCTTAGCAGCGCACT	cynX	359216	360370	-893	mhpA	367835	369499	8333
360364	360403	-	Regulon DB	.	CGGCATGAACAAAGCGCAGGAACAAGCGTCGCATCATGCC	lacA	360473	361084	70	cynR	357015	357914	3349
360436	360460	+	Regulon DB	.	GCCTGATAAGCGCAGCGTATCAGGC	cynX	359216	360370	66	mhpA	367835	369499	7375
360436	360460	-	Regulon DB	.	GCCTGATACGCTGCGCTTATCAGGC	lacA	360473	361084	13	cynR	357015	357914	3421
423710	423732	+	Regulon DB	.	CGTTCTGGATGAAATCCATATCG	malZ	421742	423556	154	queA	424235	425305	503
423754	423777	+	Regulon DB	.	TCTGACCACAAGTAATTGTTCAGA	malZ	421742	423556	198	queA	424235	425305	458
426980	427010	+	Regulon DB	.	TCACTGGTGCGCGCGGAGTCGCCGCCAGTGA	secD	426871	428718	-1738	secF	428729	429700	1719
430320	430346	-	Regulon DB	.	AAATGCCGGGATTTATTCCCGGCATTT	tsx	430353	431237	7	acpH	423561	424142	6759
452781	452800	-	Regulon DB	.	GGCCCGGTGCAAGCCGGGCC	yajG	452813	453391	13	ampG	451294	452769	1487
454068	454089	+	Regulon DB	.	AAAACGGCCTGCGGGCCGTTTT	bolA	453696	454013	55	tig	454357	455655	268
457955	457979	+	Regulon DB	.	AAAGGGGGGATTTTATCTCCCCTTT	clpX	456650	457924	31	lon	458112	460466	133
460954	460966	+	Regulon DB	.	TCCCCAGTGGGGA	hupB	460675	460947	7	ppiD	461139	463010	173
460983	461002	+	Regulon DB	.	GGCGCATCTACTGATGTGCC	hupB	460675	460947	36	ppiD	461139	463010	137
473487	473525	+	Regulon DB	.	AAAAAACAGCCGGACGGTTTTCACCTCCGGCTATTTTTT	amtB	472190	473476	11	ybaY	474603	475175	1078
496222	496253	+	Regulon DB	.	AATGCCGGATGACCTTCGTGTCATCCGGCATT	htpG	494344	496218	4	adk	496399	497043	146
498169	498204	-	Regulon DB	.	ATATGTTCCGGCGTGGCATTAAGCGCCGGAATATAT	aes	498238	499197	34	priC	489509	490036	8660
506484	506511	+	Regulon DB	.	GGCCAATAGCGATATTGGCCATTTTTTT	chiX	506428	506511	-27	ybaQ	507442	507783	931
602600	602632	+	Regulon DB	.	AAACCGCTCTCATCCATTCGATGAGAGCGGTTT	pheP	601182	602558	42	sokE	606957	607015	4325
631269	631314	+	Regulon DB	.	GGGTTCCCTCTCACCCTAACCCTCTCCCCGGTGGGGCGAGGGGACT	cstA	629117	631222	47	ybdD	631405	631602	91
705162	705188	+	Regulon DB	.	AAGCGGTGGAGATCTTCTCTGCCGCTT	nagE	703167	705113	49	glnS	705316	706980	128
707177	707201	+	Regulon DB	.	AAAACGCCGCGTTCAGCGGCGTTTT	glnS	705316	706980	197	chiP	707557	708963	356
709341	709357	-	Regulon DB	.	GAGAGTTACAGCTCTCA	fur	709423	709869	66	nagB	702034	702834	7307
709385	709403	-	Regulon DB	.	GCCAACCTGCGGGTTGGCT	fur	709423	709869	20	nagB	702034	702834	7351
714434	714465	+	Regulon DB	.	AAAAAAGGGCGGTCGCAAGATCGCCCTTTTTT	pgm	712781	714421	13	ybfP	714635	715129	170
786018	786044	+	Regulon DB	.	AAAGCCGACTCACTTGCAGTCGGCTTT	aroG	784856	785908	110	acrZ	793996	794145	7952
850205	850232	+	Regulon DB	.	AAAAATCCGCCTCTCGGGGCGGATTTTT	ompX	849673	850188	17	mntR	852406	852873	2174
884133	884161	+	Regulon DB	.	ATGCCTGACTGCTTTGTGCGATCAGGCAT	mdfA	882896	884128	5	ybjK	886646	887182	2485
925385	925409	-	Regulon DB	.	AAAAGGTCGGTTTAACCGGCCTTTT	infA	925448	925666	39	serW	925107	925194	278
949524	949553	-	Regulon DB	.	AAAGCGGCAACTTTATTGAGTTGCCGCTTT	pflA	949563	950303	10	ycaN	947883	948791	1641
950430	950489	-	Regulon DB	.	TTTGACTGAAATCGTACAGTAAAAAGCGTACAATAAAGGCTCCACGAAAGTGGGGCCTTT	pflB	950495	952777	6	pflA	949563	950303	867
1015123	1015147	+	Regulon DB	.	GAAACCTCCGCATTGCGGAGGTTTC	rmf	1014938	1015105	18	matP	1017708	1018160	2561
1036831	1036857	+	Regulon DB	.	AAGACGGTAAGTATCGCTTTCAGTCTT	hyaF	1035972	1036829	2	appC	1036963	1038507	106
1066056	1066080	+	Regulon DB	.	ACTCCCCCGCGAGAAGCGGGGGAGT	agp	1064808	1066049	7	ymdF	1067304	1067477	1224
1080017	1080061	+	Regulon DB	.	CACGGTTGCAGGAAAGCTAAGGGACTTAGCCTGCGGCGGTTTTGT	putP	1078528	1080036	-19	efeU	1080579	1081408	518
1085294	1085318	+	Regulon DB	.	CAGAGCCCGGGCGAACCGGGCTTTG	phoH	1084215	1085279	15	ycdT	1092099	1093457	6781
1112755	1112783	+	Regulon DB	.	AAAAATACCGGCGTTATGCCGGTATTTTT	opgH	1110086	1112629	126	yceK	1112802	1113029	19
1145951	1145975	+	Regulon DB	.	AAAAGGCAACCACAGGCTGCCTTTT	psrD	1145812	1145980	-29	yceD	1146017	1146538	42
1151083	1151110	+	Regulon DB	.	CTCCAGGCGGTCGTTCGACCGCCTGAGT	acpP	1150838	1151074	9	fabF	1151162	1152403	52
1158548	1158569	-	Regulon DB	.	AAGGCAGCCATCTGGCTGCCTT	fhuE	1158585	1160774	16	yceF	1145234	1145818	13314
1234900	1234921	+	Regulon DB	.	AAACCCCTCAAACGAGGGGTTT	fadR	1234161	1234880	20	dadA	1236794	1238092	1873
1260118	1260132	-	Regulon DB	.	CCCGCTGCGGCGGGT	prs	1260151	1261098	19	dauA	1258347	1260026	1771
1268262	1268290	+	Regulon DB	.	AAAGTATTAGCGTTCTGCGTTAAGACTTT	kdsA	1267388	1268242	20	rdlA	1268546	1268612	256
1291684	1291708	-	Regulon DB	.	AAAATCCCGCCAGCGGCGGGATTTT	hns	1291732	1292145	24	ychJ	1287897	1288355	3787
1309839	1309870	+	Regulon DB	.	AGTCAAAAGCCTCCGACCGGAGGCTTTTGACT	tonB	1309113	1309832	7	ompW	1312044	1312682	2174
1310285	1310324	-	Regulon DB	.	AGGAAAATCATAGTAGCATCGCGCCTGTGATTTTCCTTTT	yciB	1310375	1310914	51	yciA	1309872	1310270	413
1312692	1312722	-	Regulon DB	.	TTATTGACCCCGTATATTACGGGGTCGTTTT	yciE	1312742	1313248	20	yciC	1310944	1311687	1748
1313809	1313839	-	Regulon DB	.	CATCTGCGGGCCGTATGGCTCGCAGTGATTT	yciG	1313880	1314059	41	yciF	1313294	1313794	515
1314407	1314432	-	Regulon DB	.	GCCGCCAGTTCCGCTGGCGGCATTTT	trpA	1314440	1315246	8	yciG	1313880	1314059	527
1320999	1321019	-	Regulon DB	.	AGCCCGCCTAATGAGCGGGCT	trpL	1321062	1321106	43	trpE	1319408	1320970	1591
1332869	1332898	+	Regulon DB	.	TCGGCACCTTTTATGTAGCGAAGGTGCCGG	cysB	1331879	1332853	16	ymiA	1333184	1333312	286
1336536	1336572	-	Regulon DB	.	ATTTGCTTGCCGGAAGCAAAATAACCGGCAAGCAAAT	ribA	1336594	1337184	22	yciN	1328441	1328692	8095
1344966	1344992	-	Regulon DB	.	ACGGCCCATTCCTCATGGATGGGCCGT	rnb	1345002	1346936	10	gmr	1342781	1344766	2185
1364842	1364937	-	Regulon DB	.	GCCGGATGCGGCGTGAATGCTTTATTCGGCATACATAATCAATACGTCGTTTGCAGGCCTGATAAGCGCAGCGCATCAGACATTATTGCGTTGGGC	pspF	1364959	1365936	22	puuA	1357514	1358932	7328
1386291	1386325	+	Regulon DB	.	AATATGCCTGATGGTGCAACACCATCAGGCATATT	tyrR	1384744	1386285	6	ycjG	1386954	1387919	629
1403686	1403717	+	Regulon DB	.	AAATAGAGTCTGTCGACATCCGCCAGACTCTA	abgR	1402765	1403673	13	smrA	1404003	1404566	286
1407241	1407273	+	Regulon DB	.	TACGACGCCGACTTTGATGAGTCGGCTTTTTTT	fnrS	1407153	1407274	-33	dbpA	1407535	1408908	262
1411726	1411748	+	Regulon DB	.	GCCACCTTCCTTTTCAATAGTGG	dbpA	1407535	1408908	2818	sieB	1416695	1417183	4947
1447061	1447087	+	Regulon DB	.	AAAAAACGGCACCTGGTGCCGTTTTTT	feaB	1445543	1447042	19	paaA	1451951	1452880	4864
1561300	1561325	-	Regulon DB	.	ATTTAACGTGACACTGTCACTTAAAT	dosP	1561358	1563757	33	ddpX	1560519	1561100	781
1566928	1566954	-	Regulon DB	.	AAGGGAGCGATAATTCATCGCTCCCTT	gadC	1566978	1568513	24	yddW	1565528	1566847	1400
1620790	1620823	+	Regulon DB	.	ACCGGCCCCTTGTTACAGTTGTGTACAAGGGGCC	yneM	1620670	1620765	25	ydeJ	1622797	1623315	1974
1620841	1620898	-	Regulon DB	.	GCAAAACACAAATCTATCCATGCAAGCATTCACCGCCGGTTTACTGGCGGTTTTTTTT	mgrR	1620841	1620938	-57	eamA	1618262	1619161	2579
1643058	1643073	-	Regulon DB	.	ACCCGCTTCGGCGGGT	ydfJ	1650779	1650862	7706	ydfI	1627477	1628937	15581
1669727	1669744	+	Regulon DB	.	GGCGCGCCCCCTCGCGCC	asr	1669400	1669708	19	ydgU	1669801	1669884	57
1684729	1684749	-	Regulon DB	.	GCCGCCCTTCGGGGCGGTTTT	fumA	1684755	1686401	6	fumC	1683209	1684612	1520
1696160	1696187	-	Regulon DB	.	GCAGCGAAATAATCCTCTCTTTATCTGC	malI	1696176	1697204	-11	hdhA	1695297	1696064	863
1731735	1731764	+	Regulon DB	.	ACTGACGGATGCCCGTTCGCATCCGTCAGT	lhr	1727111	1731727	8	ydhO	1732459	1733274	695
1787511	1787534	+	Regulon DB	.	TGCCCATTCCTGACGGAATGGGCA	aroH	1786459	1787505	6	ydiE	1787637	1787828	103
1793240	1793263	-	Regulon DB	.	AAAAGGCCGCTCTGCGGCCTTTTT	ihfA	1793277	1793576	14	btuC	1792196	1793176	1044
1797185	1797200	-	Regulon DB	.	GCCTCCCAGTGGAGGC	pheM	1797250	1797294	50	pheS	1795983	1796966	1202
1797387	1797406	-	Regulon DB	.	AGAGGGAGCTAGTCTCCCTC	rplT	1797417	1797773	11	pheM	1797250	1797294	137
1814282	1814306	+	Regulon DB	.	GCCTGATAAGCGAAGCGCATCAGGC	katE	1811891	1814152	130	nadE	1820482	1821309	6176
1819889	1819910	-	Regulon DB	.	AAACCGGCCATTGCGCCGGTTT	osmE	1819942	1820280	32	chbB	1819323	1819643	566
1823081	1823150	-	Regulon DB	.	AAACTTAAGACCGCCGGTCTTGTCCACTACCTTGCAGTAATGCGGTGGACAGGATCGGCGGTTTTCTTTT	spy	1823164	1823649	14	ves	1822386	1822961	695
1842956	1842978	-	Regulon DB	.	CAGCGGATCAAGAAAATTCGTTG	topB	1843023	1844984	45	ynjI	1841855	1842895	1101
1842961	1842983	-	Regulon DB	.	ATATCCAGCGGATCAAGAAAATT	topB	1843023	1844984	40	ynjI	1841855	1842895	1106
1886041	1886067	-	Regulon DB	.	AGACGCCGGTTAATCCGGCGTTTTTTT	fadD	1886085	1887770	18	rnd	1884888	1886015	1153
1896331	1896355	+	Regulon DB	.	TCGCCCATCTGCAACGGATGGGCGA	sdaA	1894956	1896320	11	yoaD	1896451	1898049	96
1909676	1909703	-	Regulon DB	.	AAAAAGCGCGTCCTGATCGACGCGCTTT	htpX	1909719	1910600	16	kdgR	1907332	1908123	2344
1930109	1930129	-	Regulon DB	.	TGCCCGATCGAGGATCGGGCA	eda	1930139	1930780	10	yebG	1928481	1928771	1628
1942243	1942272	-	Regulon DB	.	GTCGGATAAGGCGCTCGCGCCGCATCCGAC	ruvB	1942370	1943380	98	znuA	1939675	1940607	2568
1942297	1942327	-	Regulon DB	.	CCTGATGCGACGCTGTTCGCGTCTTACCAGG	ruvB	1942370	1943380	43	znuA	1939675	1940607	2622
1944839	1944878	-	Regulon DB	.	GTTATACCGCCTCGGTCAGTTCCGGCTGAGGCGTTTCCAC	ruvC	1944879	1945400	1	yobI	1944139	1944204	700
1946686	1946717	-	Regulon DB	.	TCCCATGAGCATAGATAACTATGTGAATGGGA	aspS	1946774	1948546	57	nudB	1946204	1946656	482
1956471	1956497	-	Regulon DB	.	AGGCCCCTGCAATTTCAACAGGGGCCT	cutC	1956544	1957290	47	torY	1955056	1956156	1415
1959841	1959867	+	Regulon DB	.	GCCTGATCAGGGTTAGCCGATCAGGCT	argS	1958086	1959819	22	yecT	1959996	1960484	129
1978120	1978150	-	Regulon DB	.	CTTTTCGCCGAGCAGGATGCTCGCGAAAAGA	otsA	1978212	1979636	62	insA	1976964	1977239	1156
1997565	1997595	-	Regulon DB	.	AAAAAAGGGCGCTTTCACTAGCGCCTTTTTT	fliY	1997609	1998409	14	dcyD	1996518	1997504	1047
2004135	2004189	+	Regulon DB	.	GATTACGGCTACGCTTCTAATGTTCCCCTTGAATGGAGTCGAAGAATGCGTAATC	fliT	2003737	2004102	33	amyA	2004180	2005667	-9
2005666	2005698	+	Regulon DB	.	AAATTCATCCCCGGCGGCAAGCCGGGGAGATTT	amyA	2004180	2005667	-1	yedE	2006301	2007506	603
2031739	2031755	+	Regulon DB	.	GCCGGCATGATGCCGGC	rseX	2031673	2031763	-24	yedS	2032075	2033267	320
2079365	2079393	-	Regulon DB	.	CAGCAGACTGGCAGGAGTGCGAGTCTGCT	dacD	2079405	2080571	12	sbmC	2078813	2079286	552
2088132	2088164	+	Regulon DB	.	AAAGCCCCCGGAAGATCACCTTCCGGGGGCTTT	hisL	2088020	2088070	62	hisG	2088216	2089115	52
2165186	2165224	+	Regulon DB	.	CTTAGCCTGTGTAATCTCCCTTACACGGGCTTATTTTTT	cyaR	2165138	2165224	-38	yegS	2166736	2167635	1512
2191015	2191056	-	Regulon DB	.	CTTCATACACCGCAGAGATGTTACATTGATGCGGTGTATTAG	mrp	2191081	2192190	25	yehE	2190537	2190818	478
2194365	2194388	+	Regulon DB	.	AAGGCGCTGCATCGACAGCGCCTT	metG	2192322	2194355	10	yehH	2194496	2198291	108
2217682	2217704	-	Regulon DB	.	AAGGGCGCGACGTTTGCGCCCTT	bglX	2217714	2220011	10	osmF	2216586	2217503	1096
2280846	2280858	+	Regulon DB	.	CCCCGCTCCGGCG	rplY	2280539	2280823	23	yejL	2282151	2282378	1293
2309632	2309646	-	Regulon DB	.	GGGCCTGCGGGCCCT	ompC	2309668	2310771	22	apbE	2308501	2309556	1131
2354745	2354774	+	Regulon DB	.	ATGCCCGGTAAGCATGTGGTTACCGGGCAT	glpC	2353543	2354733	12	yfaD	2354926	2355825	152
2388027	2388045	-	Regulon DB	.	CCGCCGACATGCTCGGCGG	nuoN	2388070	2389527	25	yfbN	2385732	2386448	2295
2426052	2426070	-	Regulon DB	.	TTGCCCTGTTTCAGGGCAA	ubiX	2426079	2426648	9	argT	2425031	2425813	1021
2438305	2438332	-	Regulon DB	.	CAAAAGGGAACCTGATGGTTCCCTTTTT	fabB	2438407	2439627	75	yfcJ	2436964	2438142	1341
2506446	2506469	-	Regulon DB	.	TATCGGGAGGTAACTCTCCCGATA	glk	2506483	2507448	14	fryB	2505938	2506264	508
2519356	2519380	-	Regulon DB	.	AAAAAGCGCCTTTAGGGCGCTTTTT	xapR	2519615	2520499	235	gltX	2517279	2518694	2077
2519511	2519537	-	Regulon DB	.	AAAAAAGCGCCTTTAGGGCGCTTTTTT	xapR	2519615	2520499	78	gltX	2517279	2518694	2232
2520720	2520742	-	Regulon DB	.	GCGGCTCTGCTCTTCAGAGCTGC	xapB	2520751	2522007	9	xapR	2519615	2520499	1105
2531431	2531446	+	Regulon DB	.	GCACCTTTTTAGGTGC	cysK	2530431	2531402	29	ptsH	2531786	2532043	340
2534385	2534402	+	Regulon DB	.	TGGCGCCCATCGGCGCCA	crr	2533856	2534365	20	yfeK	2535364	2535738	962
2595825	2595846	-	Regulon DB	.	AGGGCTGGAATCATCCGGCCCT	bamC	2595853	2596887	7	purC	2594927	2595640	898
2628928	2628955	-	Regulon DB	.	AAAACCCTCTGTTACTACAGAGGGTTTT	guaA	2628980	2630557	25	yfgF	2624717	2626960	4211
2654528	2654552	-	Regulon DB	.	GCGTCATGCTTCACGCCGCAGATGC	iscX	2654558	2654758	6	pepB	2653097	2654380	1431
2682097	2682115	-	Regulon DB	.	GGCTTCCTTCGGGAAGCCT	glyA	2682276	2683529	161	yphG	2677486	2680767	4611
2689179	2689207	-	Regulon DB	.	AACAAAGCCGGGTAATTCCCGGCTTTGTT	glmY	2689179	2689362	-28	glrK	2687693	2689120	1486
2736934	2736962	+	Regulon DB	.	GGTGCCGGATGATGTGAATCATCCGGCAC	pheA	2735767	2736927	7	yfiL	2739382	2739747	2420
2736934	2736962	-	Regulon DB	.	GTGCCGGATGATTCACATCATCCGGCACC	tyrA	2736970	2738091	8	rluD	2733053	2734033	3881
2744231	2744263	-	Regulon DB	.	CACCGGACTCCGTTCCTCGATGGGGTCCGGTTG	ffh	2744456	2745817	193	rpsP	2743959	2744207	272
2820692	2820709	-	Regulon DB	.	GGGTCGCATCTGCGGCCC	recA	2820730	2821791	21	recX	2820161	2820661	531
2840499	2840523	-	Regulon DB	.	GCCCGATGCGCTGCGCTTATCGGGC	hycI	2840595	2841065	72	ascG	2836276	2837286	4223
2852326	2852343	+	Regulon DB	.	GCACCGCTTTGCGGTGCT	hypE	2851276	2852286	40	fhlA	2852360	2854438	17
2871256	2871306	-	Regulon DB	.	TGAAGAAACCACATGGTCACTGCCTGGTGCCGTGGTCGGTTTTATCTCCTG	ygbE	2871036	2871359	-270	ftsB	2870531	2870842	725
2922188	2922213	-	Regulon DB	.	GGGAGCGCTGTGAATACAGTGCTCCC	csrB	2922178	2922546	-35	yqcC	2921806	2922135	382
2945713	2945739	+	Regulon DB	.	AACACCCTAACGGGTGTTTTTTTGTTT	metV	2945629	2945705	8	argA	2947264	2948595	1525
2945758	2945778	+	Regulon DB	.	GCGCCATTCAGCGCCTTTTTA	metV	2945629	2945705	53	argA	2947264	2948595	1486
2962342	2962361	-	Regulon DB	.	CCGACGCCAGTGTGCGTCGG	thyA	2962383	2963177	22	ppdA	2961729	2962199	613
2963088	2963117	-	Regulon DB	.	CGTACCGGAACCGGAACGCTTTCCATTTTT	thyA	2962383	2963177	-734	ppdA	2961729	2962199	1359
3018522	3018544	+	Regulon DB	.	CCCTCTTCCCGCAGGGAAGAGGG	ssnA	3017183	3018511	11	ygfM	3018562	3019341	18
3044148	3044167	-	Regulon DB	.	AAAGGCGCTTCGGCGCCTTT	gcvP	3044190	3047063	23	ygfF	3043180	3043923	968
3049070	3049094	-	Regulon DB	.	ATCTCCCGGTTTTTTCGCCGGGAGA	visC	3049137	3050339	43	gcvT	3047595	3048689	1475
3056666	3056682	-	Regulon DB	.	CGGGGGAACCTCCCCCG	rpiA	3056688	3057347	6	serA	3055200	3056432	1466
3058682	3058702	+	Regulon DB	.	GCCTGATAGCACATATCAGGC	argP	3057775	3058668	14	scpA	3058872	3061016	170
3069453	3069472	-	Regulon DB	.	AGGGCAGGGAAACCTGCCCT	pgk	3069481	3070644	9	fbaA	3068187	3069266	1266
3089111	3089134	+	Regulon DB	.	CCCCACGCGTACAACCGCGTGGGG	endA	3088369	3089076	35	rsmE	3089156	3089887	22
3089125	3089145	+	Regulon DB	.	CCGCGTGGGGAGACGACGCGG	endA	3088369	3089076	49	rsmE	3089156	3089887	11
3097676	3097696	-	Regulon DB	.	GCCCCGGTATCGTGCCGGGGC	ansB	3097704	3098750	8	yggM	3096580	3097587	1096
3148574	3148598	-	Regulon DB	.	CCCGGTTGCTTTTCACAACCGGGCA	exbD	3148840	3149265	242	yqhA	3146999	3147493	1575
3189738	3189757	-	Regulon DB	.	AACGGGCCTGATGGCCCGTT	glgS	3189761	3189961	4	ribB	3181835	3182488	7903
3209064	3209094	+	Regulon DB	.	AGGCCGTGCTTCCGAAAGGAATGCGCGGCTT	rpsU	3208803	3209018	46	dnaG	3209129	3210874	35
3212965	3212984	+	Regulon DB	.	ACGCCACCTTTTCGGTGGCG	rpoD	3211069	3212910	55	ileX	3213620	3213695	636
3267981	3268014	-	Regulon DB	.	CCTGTTTTACGTAAAAACCCGCTTCGGCGGGTTT	rnpB	3268238	3268614	224	tdcA	3264149	3265087	3832
3267984	3267997	-	Regulon DB	.	CCCGCTTCGGCGGG	rnpB	3268238	3268614	241	tdcA	3264149	3265087	3835
3268097	3268110	-	Regulon DB	.	CCCGCTTCGGCGGG	rnpB	3268238	3268614	128	tdcA	3264149	3265087	3948
3268210	3268223	-	Regulon DB	.	CCCGCTTCGGCGGG	rnpB	3268238	3268614	15	tdcA	3264149	3265087	4061
3307021	3307043	-	Regulon DB	.	GCCCTCCGCTGCGGCGGGGGGCT	pnp	3307055	3309190	12	nlpI	3306062	3306946	959
3309394	3309420	-	Regulon DB	.	AAAAGGGGGCCTGAGTGGCCCCTTTTT	rpsO	3309437	3309706	17	pnp	3307055	3309190	2339
3316053	3316065	-	Regulon DB	.	GGGCTTTAGGCCC	metY	3316235	3316311	170	rimP	3315576	3316028	477
3316094	3316109	-	Regulon DB	.	CCCCGATTTATCGGGG	metY	3316235	3316311	126	rimP	3315576	3316028	518
3320057	3320093	-	Regulon DB	.	AATTCCAGAAAAGAGACGCTGAAAAGCGTCTTTTTTC	leuU	3320094	3320180	1	yhbX	3318010	3319635	2047
3322964	3322991	-	Regulon DB	.	AAAACCCCGGGGCGTGCTCCGGGGTTTT	ftsH	3323023	3324957	32	folP	3322085	3322933	879
3326828	3326868	-	Regulon DB	.	GCTGACCTGGGACTTGTACCCGGGTCGGTATTTTTTTGCTT	obgE	3328604	3329776	1736	greA	3326261	3326737	567
3348693	3348719	+	Regulon DB	.	ACCCCGGTCTAGCCGGGGTCATTTTTT	arcZ	3348599	3348719	-26	gltB	3352747	3357207	4028
3374271	3374299	-	Regulon DB	.	ACAAAACAGGCCCAGGCGGCCTGTTTTGT	sspB	3374301	3374798	2	nanR	3371720	3372511	2551
3375778	3375804	-	Regulon DB	.	AAAAAACCCGCTTCGGCGGGTTTTTTT	rpsI	3375837	3376229	33	sspA	3374804	3375442	974
3380137	3380176	+	Regulon DB	.	GTAAACCGGGCATCAGGCTTACGTGTGATGTCCGGTTAAC	degQ	3378765	3380132	5	degS	3380222	3381289	46
3380179	3380200	+	Regulon DB	.	GTGGTATGCTGCTGCCGTTCCC	degQ	3378765	3380132	47	degS	3380222	3381289	22
3381303	3381338	+	Regulon DB	.	AACAAAAAACCGGAGTCTGTGCTCCGGTTTTTTATT	degS	3380222	3381289	14	argR	3382725	3383195	1387
3398027	3398058	-	Regulon DB	.	CAGGCAGGGGAAGTGTCTGTTTACCCTGCCTG	mreB	3398066	3399109	8	mreC	3396897	3398000	1130
3405308	3405324	+	Regulon DB	.	GGCCGGATTTTCCGGCC	accC	3403939	3405288	20	yhdT	3405397	3405639	73
3408051	3408064	+	Regulon DB	.	ACGCAAATTTGCGT	prmA	3407092	3407973	78	dusB	3408302	3409267	238
3409615	3409648	+	Regulon DB	.	AAAAGGCGCTACTCGGCATGGGGAAGCGCCTTTT	fis	3409293	3409589	26	yhdJ	3409675	3410559	27
3416165	3416199	+	Regulon DB	.	AAACATAAAGGCGCTTTCGGGTGCCTTTATTATTT	acrF	3413055	3416159	6	yhdV	3416412	3416633	213
3436466	3436526	-	Regulon DB	.	GGAACTGGGAGGCCAGTGGCAAGAAAGTAAATCACTTTTTTACCACTGGTCTTCTGCTTTC	arfA	3436453	3436671	-73	smf	3430458	3431582	6008
3437603	3437617	-	Regulon DB	.	CCCGCCCCGGCGGGT	rplQ	3437638	3438021	21	yhdN	3437163	3437531	440
3446289	3446307	-	Regulon DB	.	CGGCTCAGAAATGAGCCGT	rpsQ	3446336	3446590	29	rplN	3445800	3446171	489
3451320	3451380	-	Regulon DB	.	ACGTAAGAACGGTTACACTCTCCCATCAATCGTAATGGGTCTGAGGAGTAATCATTTTCGT	gspB	3451530	3451949	150	rpsJ	3450981	3451292	339
3553817	3553842	+	Regulon DB	.	AGCCGGATAACGCGCCAGATCCGGCT	malT	3551107	3553812	5	rtcR	3556290	3557888	2448
3557776	3557853	-	Regulon DB	.	ACGTCAGACCAAAACGCGCCAGGTATTTGCGTAGCCGATCCGCGTCATTGACGCTGGCTTTGCCCTGGCGCGAAACGT	glpR	3557870	3558628	17	rtcB	3554875	3556101	2901
3573711	3573734	-	Regulon DB	.	CCCGGTAGTTGTGACGCTACCGGG	gntU	3573744	3575084	10	asd	3571798	3572901	1913
3575029	3575061	-	Regulon DB	.	AACAGCAGTAGGGTCTGTTTTACTGCTGCTGTT	gntU	3573744	3575084	-1317	asd	3571798	3572901	3231
3575645	3575675	-	Regulon DB	.	AATGTTACCGATAACAGTTACCCGTAACATT	gntR	3575754	3576749	79	gntK	3575088	3575615	557
3597910	3597930	-	Regulon DB	.	CCCTGGATGAGAGTCCGGGGT	rpoH	3597952	3598806	22	livJ	3596578	3597681	1332
3638593	3638614	+	Regulon DB	.	AACGCCCGCATATGCGGGCGTT	uspA	3638134	3638568	25	dtpB	3638885	3640354	271
3645675	3645712	-	Regulon DB	.	TAAGGGCTAAGAGCACACTACTCTTAGCCCTTTAACAT	dinQ	3645728	3645856	16	prlC	3641163	3643205	4512
3646140	3646170	+	Regulon DB	.	AAAAAACCGACGCAAAGTCGGTTTTTTTACA	gor	3644322	3645674	466	arsR	3646551	3646904	381
3646371	3646407	+	Regulon DB	.	AAAAAACCGACGCAAAGTCGGTTTTTTTACGTCCTGA	gor	3644322	3645674	697	arsR	3646551	3646904	144
3661564	3661594	-	Regulon DB	.	AGTAAGGCTGAACCTTCATGTTCAACCTTAC	gadW	3661913	3662641	319	arrS	3656009	3656077	5555
3662938	3662958	-	Regulon DB	.	TAGTCTGCCGTCTCCAGACTA	gadX	3663009	3663833	51	gadW	3661913	3662641	1025
3662966	3662984	+	Regulon DB	.	CCCGGTCCCCTATGCCGGG	gadY	3662887	3662991	-25	treF	3667615	3669264	4631
3697922	3697952	-	Regulon DB	.	GGCCGCAGGGGGGAAACTCTGCGGCCTTTTT	ldrD	3698003	3698110	51	yhjR	3694020	3694208	3902
3718309	3718336	+	Regulon DB	.	AAGATCCCTGCCATTTGGCGGGGATTTT	cspA	3718072	3718284	25	insJ	3718703	3719224	367
3720314	3720333	-	Regulon DB	.	AGCCTGCCATCTGGCAGGCT	glyS	3720351	3722420	18	hokA	3718471	3718623	1843
3737553	3737593	+	Regulon DB	.	TTTCCGGCTTCCCGTTCGTCAGTACCTCGGGAAGCCGCCAA	malS	3735520	3737550	3	avtA	3737728	3738981	135
3737618	3737643	+	Regulon DB	.	CAGCGTTGCAGGATAAAGCACCGCTC	malS	3735520	3737550	68	avtA	3737728	3738981	85
3752929	3752964	-	Regulon DB	.	GCCTGATGCGACGCTTACGCGTCTTATCATGCCTAC	aldB	3752996	3754534	32	yiaW	3752128	3752451	801
3774178	3774198	+	Regulon DB	.	AGTAAGCAACGTCTGCTTACT	mtlR	3773595	3774182	-4	yibL	3774688	3775050	490
3774212	3774232	+	Regulon DB	.	CTTCGGCCGATAAAGCCGACG	mtlR	3773595	3774182	30	yibL	3774688	3775050	456
3774300	3774327	+	Regulon DB	.	CGGGGAGGAAGTTTTTTCAGATACTCCC	mtlR	3773595	3774182	118	yibL	3774688	3775050	361
3774424	3774442	+	Regulon DB	.	CCGCGCCGGGAATGCGCGG	mtlR	3773595	3774182	242	yibL	3774688	3775050	246
3809232	3809248	-	Regulon DB	.	CCTCGCTCCGGCGGGGT	rpmG	3809273	3809440	25	mutM	3808366	3809175	866
3813119	3813142	-	Regulon DB	.	CGCCGGATGAAAAGTCATCCGGCG	pyrE	3813150	3813791	8	yicR	3809914	3810582	3205
3813830	3813851	-	Regulon DB	.	AAGGCGACTGATGAGTCGCCTT	rph	3813886	3814572	35	pyrE	3813150	3813791	680
3815597	3815626	+	Regulon DB	.	AAATGCCGCCACTCAAACAGAGCGGCATTT	yicC	3814699	3815562	35	dinD	3815783	3816607	157
3848769	3848802	-	Regulon DB	.	CGCGCTTATCGTTAAGGTAAGCGCGTATTTTTTT	ilvN	3848825	3849115	23	uhpA	3848159	3848749	610
3850858	3851005	-	Regulon DB	.	ACTTCCATGCTCAACGCAAAACTACTACCAACTGCGCCATCCGCCGCAGTGGTCGTCGTGCGTGTGGTGGTGGTCGTCGGCAATGCGCCGTAGGGACTGGAACAACACACGATTCCAAAACCCCGCCGGCGCAAACCGGGCGGGGTTT	ivbL	3850913	3851011	-92	ilvB	3849119	3850807	1739
3851141	3851167	-	Regulon DB	.	CGAAACCTCGCTCCGGCGGGGTTTTTT	istR	3851141	3851280	-26	ivbL	3850913	3851011	228
3851685	3851712	+	Regulon DB	.	AAAGGGGAGCGGGAAACCGCTCCCCTTT	tisB	3851576	3851665	20	emrD	3851945	3853129	233
3900272	3900315	-	Regulon DB	.	TTAATTATCGTCGCATTCAGAACAGTCTGGATGCGATGCGTTAA	bglB	3900312	3901724	-3	bglH	3898627	3900243	1645
3903659	3903710	-	Regulon DB	.	AAAACCTGAAAAAAATTGCTTGATTCACGTCAGGCCGTTTTTTTCAGGTTTT	bglG	3903754	3904590	44	bglF	3901743	3903620	1916
3904616	3904657	-	Regulon DB	.	AAAACCTGACATAACCAGAGAATACTGGTGAAGTCGGGTTTT	phoU	3904876	3905601	219	bglG	3903754	3904590	862
3906518	3906540	-	Regulon DB	.	CCCTCTCCCCAGAGGGGCGAGGG	pstA	3906572	3907462	32	pstB	3905616	3906389	902
3908466	3908496	-	Regulon DB	.	GCCGGGTACGGTGTTTTACGCCGCATCCGGC	pstS	3908508	3909548	12	pstC	3907462	3908421	1004
3909833	3909853	-	Regulon DB	.	TGCCCTGCGTAAGCGGGGCAT	glmS	3909862	3911691	9	pstS	3908508	3909548	1325
3913531	3913553	-	Regulon DB	.	GCCAGTCTGGAAACAGGCTGGCT	atpC	3913576	3913995	23	glmU	3911853	3913223	1678
3921728	3921755	-	Regulon DB	.	TGCCTGGTAAGCACCCGCTTACCAGGCA	mnmG	3921767	3923656	12	rsmG	3921080	3921703	648
3945055	3945090	+	Regulon DB	.	AGAAATCATCCTTAGCGAAAGCTAAGGATTTTTTTT	trpT	3944980	3945055	0	yifE	3946109	3946447	1019
3948343	3948494	+	Regulon DB	.	AAATGACAGCCCTTCTACGAGTGATTAGCCTGGTCGTGATTAGCGTGGTGGTGATTATTATCCCACCGTGCGGGGCTGCACTTGGACGAGGAAAGGCTTAGAGATCAAGCCTTAACGAACTAAGACCCCCGCACCGAAAGGTCCGGGGGTTT	yifE	3946109	3946447	1896	ilvL	3948345	3948443	-149
3954906	3954932	-	Regulon DB	.	GCCTGATAAGCGAAGCGCTATCAGGCA	ilvY	3954950	3955843	18	yifB	3946472	3947992	8434
3954990	3955008	+	Regulon DB	.	AGCGGCTCATGTAGCCGCT	ilvA	3953354	3954898	92	ilvC	3955993	3957468	985
3964514	3964536	+	Regulon DB	.	CCTGGCTCGTATGCGTAAGCAGG	rho	3964440	3965699	-1185	wecA	3965939	3967042	1403
3964741	3964763	+	Regulon DB	.	TTCGCCCGCCGAAAGAAGGTGAA	rho	3964440	3965699	-958	wecA	3965939	3967042	1176
3964879	3964899	+	Regulon DB	.	TGGAACGTGGTAACGGTTCTA	rho	3964440	3965699	-820	wecA	3965939	3967042	1040
4003838	4003859	+	Regulon DB	.	CAGGCGCTGAAAATAGCGCCTG	pldA	4002885	4003754	84	recQ	4003887	4005716	28
4021539	4021560	+	Regulon DB	.	CAACCGCCCGTCAGGGCGGTTG	tatC	4020759	4021535	4	tatD	4021577	4022359	17
4049264	4049303	+	Regulon DB	.	AGGAAAAAAGGCGACAGAGTAATCTGTCGCCTTTTTTCTT	csrC	4049059	4049303	-39	yihI	4049370	4049879	67
4054013	4054032	-	Regulon DB	.	ATGGATAACCAGCGCCGCTT	glnL	4053313	4054362	-719	glnG	4051892	4053301	2121
4104384	4104402	+	Regulon DB	.	CCCCCACATGCTGTGGGGG	cpxP	4103843	4104343	41	fieF	4104492	4105394	90
4108731	4108753	+	Regulon DB	.	GTGCCGGATATGAAATCCGGCAC	cdh	4107953	4108708	23	yiiR	4110338	4110778	1585
4112550	4112571	-	Regulon DB	.	TTCCAGTCCTTCGGGACTGGAA	glpX	4112592	4113602	21	fpr	4111749	4112495	801
4118391	4118408	-	Regulon DB	.	TGGGGCTGAAAGGCCCCA	hslU	4118439	4119770	31	menA	4117446	4118372	945
4160160	4160187	-	Regulon DB	.	ATGCCGGATGCGCCAGCATCCGGCATAA	trmA	4160193	4161293	6	sthA	4157413	4158813	2747
4169783	4169826	+	Regulon DB	.	ATAAAACGAAAGGCTCAGTCGAAAGACTGGGCCTTTCGTTTTAT	rrfB	4169660	4169779	4	murB	4170080	4171108	254
4169958	4169985	+	Regulon DB	.	AGAAGGCCATCCTGACGGATGGCCTTTT	rrfB	4169660	4169779	179	murB	4170080	4171108	95
4176351	4176379	+	Regulon DB	.	GGCGTGAGATTGGAATACAATTTCGCGCC	nusG	4175766	4176311	40	rplK	4176470	4176898	91
4187622	4187636	+	Regulon DB	.	ACCCGCTTCGGCGGG	rpoC	4183373	4187596	26	yjaZ	4187809	4188348	173
4188351	4188372	+	Regulon DB	.	AAACCCACCTTAAGGTGGGTTT	yjaZ	4187809	4188348	3	nudC	4194926	4195699	6554
4198605	4198624	+	Regulon DB	.	AAGGGGTGGTTTCACCCCTT	yjaH	4198589	4199284	-679	zraS	4199949	4201346	1325
4234182	4234232	+	Regulon DB	.	ATCCCCAAAATAATTCGAGTCATTGCATCTGTGGCTAGAAGTATGAAGGGA	yjbE	4233929	4234171	11	yjbF	4234285	4234923	53
4240562	4240578	-	Regulon DB	.	GGCGCTCCACGGAGCGC	malG	4240649	4241539	71	xylE	4238802	4240277	1760
4266340	4266363	+	Regulon DB	.	GCAGGCTGGAGCTACCCAGCCTGC	tyrB	4265137	4266330	10	aphA	4267437	4268150	1074
4275950	4275980	+	Regulon DB	.	AAACTAAAGCGCCACAAGGGCGCTTTAGTTT	soxR	4275492	4275956	-6	yjcD	4276502	4277851	522
4275950	4275980	-	Regulon DB	.	AAACTAAAGCGCCCTTGTGGCGCTTTAGTTT	ryjA	4275950	4276089	-30	soxS	4275083	4275406	867
4311824	4311850	+	Regulon DB	.	ATTCATCCACTACTTGCATGGATGAGT	rpiB	4311373	4311822	2	yjdP	4311891	4312220	41
4336233	4336260	-	Regulon DB	.	GGCGTAATTGTTTAAATAACATTACGCC	adiA	4336277	4338544	17	adiY	4335191	4335952	1042
4343654	4343673	-	Regulon DB	.	TGCCAGGTGATCCCCCTGGC	fumB	4343703	4345349	30	yjdF	4342952	4343581	702
4364867	4364887	-	Regulon DB	.	GGCACGTCAGATGACGTGCCT	aspA	4364914	4366350	27	dcuA	4363495	4364796	1372
4374728	4374754	+	Regulon DB	.	AACGGTACGACAGCTGTGTCGTGCCGT	ecnB	4374576	4374722	6	sugE	4374898	4375215	144
4375806	4375823	-	Regulon DB	.	GGTCCGAATTTTCGGACC	ampC	4375834	4376967	11	blc	4375212	4375745	594
4376989	4377010	-	Regulon DB	.	CGGCCCGCCTATGGCGGGCCGT	frdD	4377030	4377389	20	ampC	4375834	4376967	1155
4464307	4464321	-	Regulon DB	.	TCGTTTCCTGAACGA	treR	4464322	4465269	1	treB	4462782	4464203	1525
4470449	4470468	-	Regulon DB	.	AGCCCCTCAATCGAGGGGCT	pyrL	4470422	4470556	-46	pyrB	4469483	4470418	966
4478955	4478980	-	Regulon DB	.	GGCCGGAGCATGCTCCGGCCTTTTTT	valS	4479005	4481860	25	yjgM	4477057	4477560	1898
4547945	4547965	-	Regulon DB	.	GAGCCTGCCAATGGCAGGCTC	gntP	4547976	4549319	11	nanC	4536808	4537524	11137
4597643	4597658	-	Regulon DB	.	CCCTGCTCCTGGACGG	yjjA	4597718	4598212	60	opgB	4595173	4597464	2470
4598162	4598180	-	Regulon DB	.	TGCCATTGCCGCCAGCGCA	yjjA	4597718	4598212	-462	opgB	4595173	4597464	2989
4619658	4619682	+	Regulon DB	.	AGCCGGAGCGGGAGACTGCTCCGGC	deoD	4618906	4619625	33	yjjJ	4619792	4621123	110
4631134	4631167	+	Regulon DB	.	CGCATCAGGCATCGTGCACCGAATGCCGGATGCG	trpR	4630783	4631109	25	ytjC	4631820	4632467	653
4637561	4637595	+	Regulon DB	.	AAATAAAAACGGCGCTAAAAAGCGCCGTTTTTTTT	creD	4636201	4637553	8	yjjY	4638425	4638565	830
4637562	4637595	-	Regulon DB	.	AAAAAAAACGGCGCTTTTTAGCGCCGTTTTTATT	arcA	4637613	4638329	18	rob	4632464	4633333	5098